timestamp_utc,session_id,mode,symbol,quote_to_usdt,best_bid,best_ask,mid_usdt,spread_bps,update_id,bookticker_bid,bookticker_ask,depth_events,agg_trades,bid_add_1pct_usd,ask_add_1pct_usd,bid_remove_1pct_usd,ask_remove_1pct_usd,taker_sell_quote_usd,taker_buy_quote_usd,bid_depth_25bps_usd,ask_depth_25bps_usd,bid_depth_50bps_usd,ask_depth_50bps_usd,bid_depth_100bps_usd,ask_depth_100bps_usd,bid_depth_200bps_usd,ask_depth_200bps_usd,sell_cost_10000_bps,buy_cost_10000_bps,sell_cost_50000_bps,buy_cost_50000_bps,sell_cost_100000_bps,buy_cost_100000_bps,sell_cost_250000_bps,buy_cost_250000_bps,sell_cost_500000_bps,buy_cost_500000_bps
2026-10-09T00:00:43.855819+00:00,obs-20261008-7d-01,LIGHT,TWTUSDT,1.0,0.5026,0.5031,0.50285,9.948269001192056,2530145765,0.5026,0.5031,46,0,10625.7239,8253.653300000002,9236.571600000001,9455.5479,0.0,0.0,3915.8937,5204.759599999999,13127.411799999996,13938.235999999999,30157.245899999994,28596.950499999995,64848.950800000006,48307.831999999995,28.711324540121595,25.039459508716668,84.57203663120416,107.20190833009457,177.01460304763052,280.0844186581797,1541.496714725661,1440.3879028445076,,2541.7588208125007
2026-10-09T00:00:43.855819+00:00,obs-20261008-7d-01,LIGHT,PEPEUSDT,1.0,3.83e-06,3.84e-06,3.835e-06,26.109660574411553,8829711731,3.83e-06,3.84e-06,258,45,247610.71931760007,409167.38322977006,129121.83438897997,460607.13835472,8182.328359459999,20447.7093433,98077.80191174,99076.61414784,189388.10560076,197066.11802549002,449499.62851122,422996.4721873001,656592.5920031599,892540.6622108001,13.037809647979959,13.020833333332593,13.037809647978849,13.020833333333703,13.505647765936768,13.260361522121622,35.14153495309369,34.14477275964223,62.86948970421147,64.15187922883203
2026-10-09T00:00:43.855819+00:00,obs-20261008-7d-01,LIGHT,BNBUSDT,1.0,735.93,735.94,735.935,0.13588248882534515,20923324741,735.93,735.94,442,340,5879547.307310003,4953471.725380003,5830190.211110005,5278914.870750006,184412.89423000003,119478.34721999988,772014.9542600003,375647.52863999986,1315711.9313199993,1058302.7336200005,2750610.7621499994,2452749.2689299993,4125229.6010999903,3453726.097079997,0.13509391406874016,0.06794032122336979,1.6695979234981895,0.2986013113970287,3.3484934985594794,1.1067159760314027,6.905673598637252,5.74026274537065,10.231011605019713,14.864139982844193
2026-10-09T00:00:43.855819+00:00,obs-20261008-7d-01,LIGHT,TRXUSDT,1.0,0.3328,0.3329,0.33285,3.0048076923083755,6282072213,0.3328,0.3329,92,20,119831.47387000002,25191.792649999945,131439.45414000002,103840.37514999996,6333.550079999999,808.18133,996451.01309,1033300.7026500001,1554286.7196600002,1425016.1774900001,1873760.70937,1499854.14765,1926156.8322700004,1692670.08786,1.5021781583290927,1.5019525382997667,1.5021781583290927,1.5019525382997667,1.5021781583290927,2.306949840090722,2.654443591648681,4.821872735696342,5.762975308307716,7.7332823339337775
2026-10-09T00:00:43.855819+00:00,obs-20261008-7d-01,LIGHT,AAVEUSDT,1.0,166.27,166.28,166.275,0.6014314067481763,10446243905,166.27,166.28,358,45,733724.7730700002,580254.6059300001,699639.4207899997,607001.41498,6696.818789999999,4986.038570000001,66277.46363,87427.10663999998,109555.13598999998,125945.75108000002,341504.1641099999,168700.92183999997,389610.82571999985,179512.16185,6.071636480230458,1.4569056547619752,11.454176978499264,6.790227641492175,20.70395043722972,13.803784168512356,41.05312584682497,121.98750679282888,124.56927664942663,458.441612200976
2026-10-09T00:00:43.855819+00:00,obs-20261008-7d-01,LIGHT,AVAXUSDT,1.0,10.07,10.071,10.0705,0.9930486593834331,10530276452,10.07,10.071,387,48,1736454.3017700003,504964.2273599998,1688469.2273000001,518167.4034699999,11498.178059999998,7288.83734,227814.32286000001,175031.49102999998,408992.52456000017,303034.70287,556347.3718400002,397427.06952999975,572440.4787600003,422922.35257999983,0.4964996772738317,2.295739857058887,2.4695378045769267,4.818838331615005,6.045157577330151,7.427131851297508,13.911338650134386,17.988762712465302,30.674973295795603,76.5354003990426
2026-10-09T00:00:43.855819+00:00,obs-20261008-7d-01,LIGHT,FILUSDT,1.0,1.0695,1.0696,1.06955,0.9350163627885877,9902698269,1.0695,1.0696,376,35,401470.5048309999,228045.67990599995,376925.1845830002,250338.97655599995,3278.1695,1332.1067069999997,79094.947076,58870.336996000005,171944.24818,125998.06687000002,272657.346183,210958.90196299995,322123.00592900004,295688.7358399999,5.699574194475421,6.460842937688893,11.983248367023469,13.141166528488624,18.23765814367495,22.275020242282785,38.1837877820701,55.786578224749086,212.93497402572137,228.71827565470903
2026-10-09T00:00:43.855819+00:00,obs-20261008-7d-01,LIGHT,ALGOUSDT,1.0,0.1173,0.1174,0.11735000000000001,8.525149190110604,5668571131,0.1173,0.1174,161,10,64161.244800000015,74604.2837,70156.09520000003,82020.05940000001,1883.9700999999998,4056.3513000000003,19568.860500000003,35504.3881,48260.206300000005,61561.5424,126027.1937,90255.0287,169314.3552,113362.8294,10.359575244994756,10.288124680848387,29.978279394972105,21.183892232596868,49.5676798849598,46.837984558080194,231.8363125044698,746.9739180514301,1234.6962607533053,1446.51131463687
2026-10-09T00:00:43.855819+00:00,obs-20261008-7d-01,LIGHT,XRPUSDT,1.0,1.382,1.3821,1.38205,0.7235890014478663,26690882058,1.382,1.3821,460,119,7496311.196789997,5462069.720669999,7398237.645720001,5402100.181339999,87861.11388000002,98040.27598000002,1206971.2870299998,857545.3446599998,1772559.66153,1046552.3488999997,3157317.2724400028,1978259.047359999,3439495.1264000046,2381133.6887499993,0.3617814116718687,0.3617683235657143,0.8360622350123137,0.9006078054829558,1.1648440583555963,1.7400791295851814,1.8341042816971687,2.9753665266141205,3.024082375064907,6.2773719967701425
2026-10-09T00:00:43.855819+00:00,obs-20261008-7d-01,LIGHT,HBARUSDT,1.0,0.09043,0.09044,0.090435,1.1058277120445936,8398902229,0.09043,0.09044,272,34,422753.6315100001,339287.01129000017,566325.4926499998,513796.92330000014,1804.59199,4315.22868,110320.20297,125620.86067999998,202159.57517,189962.29379,257827.20674999995,212520.65871000002,272795.23028,228958.40325000006,4.142596149721012,1.796837595334777,8.655449013103,5.999675911412261,12.225411167190448,10.194160715145673,29.77129704581305,61.373764047342185,263.72142075115954,316.68094729597084
2026-10-09T00:01:43.866817+00:00,obs-20261008-7d-01,LIGHT,TWTUSDT,1.0,0.5022,0.5027,0.5024500000000001,9.956192751892079,2530146218,0.5022,0.5027,88,1,40269.908,36035.97380000001,61762.89050000001,34314.43110000001,102.612,0.0,3470.6052999999997,3869.5348,13572.091499999999,8516.637200000001,22445.1923,28114.172599999998,64298.22320000001,36911.22449999999,25.06544068066607,31.282875539496715,85.54915011841912,110.37181083641711,179.1634222788374,274.5448575509113,1550.210847782264,1427.843998767323,,2532.896422301446
2026-10-09T00:01:43.866817+00:00,obs-20261008-7d-01,LIGHT,PEPEUSDT,1.0,3.83e-06,3.84e-06,3.835e-06,26.109660574411553,8829712844,3.83e-06,3.84e-06,302,90,263203.2015386499,422531.93156640005,225044.23289117002,382786.0536373502,1508.8987943400002,4979.848367159996,118353.60685724,32430.56371584,236737.60481266,113799.12088959,487647.50291429996,359421.41245763004,767230.5333780999,879742.0658935601,13.037809647979959,13.020833333332593,13.037809647978849,22.135929132814923,13.037809647978849,30.54848404692723,28.071438065094824,50.381510035918396,55.053595164211714,80.07232203729897
2026-10-09T00:01:43.866817+00:00,obs-20261008-7d-01,LIGHT,BNBUSDT,1.0,735.76,735.77,735.765,0.13591388496214662,20923337802,735.76,735.77,531,350,10119747.34262,8760449.16274,10054902.85223,8955287.010939997,145738.15073999978,58615.69383999996,748922.2091300004,361613.7316899998,1316508.4678500006,997588.8276700001,2921005.697260001,2219046.5911199995,4082036.9276999924,3396836.8863699967,0.0679564806682631,0.9673780408925303,0.288152248707485,2.8668848780233347,1.1456624368400004,4.386800638269683,4.600130967741256,9.287727821539749,8.897013100159779,16.932065840481457
2026-10-09T00:01:43.866817+00:00,obs-20261008-7d-01,LIGHT,TRXUSDT,1.0,0.3328,0.3329,0.33285,3.0048076923083755,6282072994,0.3328,0.3329,152,133,301356.7344399999,60676.80280000002,339007.7035899999,17996.937640000007,48832.209919999965,3217.04573,898725.56779,1041517.8532499999,1480435.5681799997,1467696.0775700002,1836109.7402199996,1542534.0128100002,1911600.3143399998,1759006.7779200003,1.5021781583290927,1.5019525382997667,1.5021781583290927,1.5019525382997667,2.2183804749886793,2.3189424355851695,4.230237191648056,4.8674013396587945,7.098159024965245,7.711604042124343
2026-10-09T00:01:43.866817+00:00,obs-20261008-7d-01,LIGHT,AAVEUSDT,1.0,166.27,166.28,166.275,0.6014314067481763,10446248882,166.27,166.28,396,74,916544.1064699998,608384.18245,907668.76515,594863.85241,6639.505910000001,17912.38657,83493.74974,63253.01227,265100.3666999999,123754.35576000002,352276.63968999963,180663.4829799999,382002.8298099995,194896.44824999996,4.160143195007793,4.670717971991811,8.720219086751912,9.077332254305848,14.618221476768722,18.971702453267625,23.967531915926045,104.48189182915235,117.54623904943972,430.83615621116843
2026-10-09T00:01:43.866817+00:00,obs-20261008-7d-01,LIGHT,AVAXUSDT,1.0,10.055,10.056,10.055499999999999,0.9945300845348726,10530285299,10.055,10.056,475,179,3368178.6940800007,1221134.4027400005,3373778.6615399984,1169596.3845100005,96066.95993000003,45415.03951,159669.7476,144277.73322,385277.21813,275661.85446,550921.8151400001,447903.68291,567156.4216500003,473698.20066000003,2.9656334786909433,1.3936550904780631,9.002637906115885,4.238931092519493,12.013569701055937,7.73128145859614,21.637346118367205,22.26232627027036,36.556202995577934,57.62065660447679
2026-10-09T00:01:43.866817+00:00,obs-20261008-7d-01,LIGHT,FILUSDT,1.0,1.0709,1.071,1.0709499999999998,0.9337940050424542,9902706080,1.0709,1.071,495,109,749816.2240790015,536343.48888,717749.9493029999,559610.5932229998,2161.648722,9087.302714,102039.79830999998,75283.511699,183107.04923700003,147857.70062999998,288490.80520500004,204054.44422699994,343472.20440100017,286396.336166,4.478159063866505,6.747951341979919,10.320707966054998,13.0552563285935,15.44911960863704,19.80813638441048,33.96386544551988,55.77813649301988,189.9881762019595,244.98524495699337
2026-10-09T00:01:43.866817+00:00,obs-20261008-7d-01,LIGHT,ALGOUSDT,1.0,0.1176,0.1177,0.11765,8.503401360544505,5668573251,0.1176,0.1177,281,42,244558.73889999997,196062.1175999999,194516.31460000004,197220.14989999996,1665.5034999999998,27431.7008,23939.2382,38680.9733,59164.8524,69615.7635,132886.06480000002,97404.21449999999,163374.20400000003,115649.57789999997,7.195081257969083,9.909846519524645,25.819291279217673,20.033916855931587,41.91688130046667,40.649028683769075,247.56362742201054,722.5408861271443,1266.2644849094795,1421.1674139587437
2026-10-09T00:01:43.866817+00:00,obs-20261008-7d-01,LIGHT,XRPUSDT,1.0,1.3832,1.3833,1.3832499999999999,0.7229612492776205,26690891985,1.3832,1.3833,521,116,9064153.210809993,6783012.083399998,9062560.588949993,6831807.371520001,49544.79529000002,25082.548659999997,1190820.5586499998,745658.6342899996,1731329.8818000006,1016407.5054299999,3157396.5790600027,1998908.6877899994,3445700.170290004,2351763.067219999,0.36146755828525556,0.36145449288094156,0.5602086748579538,1.0932741998559425,0.985573791429939,1.900620427266464,1.7380632245800332,4.332976581004067,3.0865068908736415,7.588572072921851
2026-10-09T00:01:43.866817+00:00,obs-20261008-7d-01,LIGHT,HBARUSDT,1.0,0.09039,0.0904,0.090395,1.1063170704717074,8398906763,0.09039,0.0904,391,51,733953.4845300001,581750.3337399999,752123.8235899995,578424.4587200001,4234.20135,5656.21265,149679.21316,93595.47584000001,209727.61147000003,176399.43701000005,250170.0298600001,214731.35632999992,271418.48661000014,232514.03916999997,3.5582073234141642,4.231424978990983,8.825720585319274,8.247252478068567,11.831990970243567,14.45564674533717,29.47889388215774,61.99385925497847,268.8941025807035,318.0657201065562
2026-10-09T00:02:43.866977+00:00,obs-20261008-7d-01,LIGHT,TWTUSDT,1.0,0.5019,0.5026,0.5022500000000001,13.947001394700731,2530146410,0.5019,0.5026,55,0,14506.940900000003,13609.1279,15851.874600000001,13099.046900000001,0.0,0.0,3352.3549,4042.8843000000006,13334.4606,13595.9581,29688.7204,28368.575499999995,63889.41700000001,48688.99809999999,26.544945893479664,27.840693921060698,85.6958472374314,102.00320564767496,179.40940737680822,269.45479831818386,1563.2494494275738,1424.1965609408458,,2531.077989064999
2026-10-09T00:02:43.866977+00:00,obs-20261008-7d-01,LIGHT,PEPEUSDT,1.0,3.83e-06,3.84e-06,3.835e-06,26.109660574411553,8829713844,3.83e-06,3.84e-06,244,41,399992.9743388598,624879.6351164395,265912.53548509,345543.60257780994,33737.167347079994,3335.539626239999,116642.99127981,86014.23308928,301299.08202503,180988.73275933,632977.96583807,428664.31012114004,825437.42201294,919499.2817964001,13.037809647979959,13.020833333332593,13.037809647978849,13.020833333333703,13.037809647978849,16.648770028586668,26.93139330113614,37.15969534386243,47.785505694453164,64.34351223566281
2026-10-09T00:02:43.866977+00:00,obs-20261008-7d-01,LIGHT,BNBUSDT,1.0,735.28,735.29,735.285,0.13600261125068513,20923347200,735.28,735.29,483,284,7101368.907720002,6483819.3766100025,7146948.615000008,6064115.24330001,141612.74455,51762.10782999998,763269.8025399998,497528.17391999974,1485608.8822599999,1253900.4335399996,3074918.2445099996,2634155.340709997,4468882.524649995,3720584.529049995,1.411187825942628,0.06800038080290172,2.502512690154557,0.45521369297252257,4.004180104993926,1.7992515296394451,6.751147238363009,4.984531408041004,10.194563732246475,10.32518347302891
2026-10-09T00:02:43.866977+00:00,obs-20261008-7d-01,LIGHT,TRXUSDT,1.0,0.3327,0.3328,0.33275,3.0057108506165164,6282074067,0.3327,0.3328,219,254,508073.9503299999,931164.7079300001,521934.43153999984,1041893.6463900001,157725.90414000017,146.93448,1031912.9488299999,876743.3626400001,1509468.3236899995,1352119.2004900002,1822637.8383599992,1423600.7053000005,1899436.0937399995,1648097.3596000008,1.5026296018039176,1.5024038461530775,1.5026296018028074,1.5024038461541878,1.5026296018028074,1.5024038461541878,3.8071024090147176,4.339548698589768,6.652896616228254,8.151146477640703
2026-10-09T00:02:43.866977+00:00,obs-20261008-7d-01,LIGHT,AAVEUSDT,1.0,166.04,166.05,166.04500000000002,0.6022645145753458,10446251999,166.04,166.05,347,38,695027.0060999998,612974.2993699999,689442.9306000005,581930.97088,1288.76324,1344.2695999999999,220935.03695,99109.81653000001,300252.6884299999,148204.62818,362295.3237999999,206365.15051999988,390190.43788999977,223407.21135999987,3.675557842452992,4.05816471865994,7.624498011382652,9.261009632026695,11.735040075283587,14.198471014202907,18.900402666097715,69.31338731356762,105.98916880102283,379.9307630045823
2026-10-09T00:02:43.866977+00:00,obs-20261008-7d-01,LIGHT,AVAXUSDT,1.0,10.049,10.05,10.0495,0.9951238929262196,10530292022,10.049,10.05,478,61,3422521.6782500003,990038.3333500004,3403597.2589899995,1012199.5593800002,9021.718849999997,12725.984929999997,190803.07391999994,149635.94127,418903.09093999997,293775.8102,569914.5033900001,425670.68188999995,596455.8227000005,450284.83576,1.2355115727147314,2.0356413712330212,2.7409810999567963,5.693562385031825,5.38788762719733,9.01271102538681,14.626868227016754,20.57710606466534,30.574336481317133,66.37850403654943
2026-10-09T00:02:43.866977+00:00,obs-20261008-7d-01,LIGHT,FILUSDT,1.0,1.0719,1.072,1.0719500000000002,0.9329228472809703,9902710563,1.0718,1.072,409,29,485253.574081,292846.98957499984,461495.69155199983,314327.9850479999,144.833958,1822.730131,79449.77591,73130.44403400001,190700.04462400003,157823.54723899998,296923.43221800006,190362.51687700005,349647.0048010001,280452.0982090002,2.436181662204273,5.556594266475923,8.358266243082557,10.591077253788717,16.13986589189875,17.362781102172598,34.68016078246872,57.06996812864573,175.7834790160162,261.2529882276971
2026-10-09T00:02:43.866977+00:00,obs-20261008-7d-01,LIGHT,ALGOUSDT,1.0,0.1174,0.1175,0.11745,8.517887563883608,5668574381,0.1174,0.1175,192,16,199388.9825,105401.86189999999,210791.76100000012,90301.56830000001,2418.4405,689.7364,25502.8716,24498.206199999997,84396.08810000001,67728.7025,127790.6861,105288.9734,155923.1948,116722.8656,11.758053469560492,10.123263265305882,25.396236245212034,24.036781297709364,36.449950408683485,42.80104379426497,271.1272547841592,682.9836417742863,1314.3492552533087,1391.9481086702544
2026-10-09T00:02:43.866977+00:00,obs-20261008-7d-01,LIGHT,XRPUSDT,1.0,1.3828,1.3829,1.38285,0.7231703789400967,26690898638,1.3828,1.3829,437,77,4395261.570749996,3434077.2123999977,4742804.384199997,3124361.9298499976,42827.87101999999,22848.783040000006,1004753.4809099999,965061.8212899998,1390809.8213300009,1222587.9653,2810222.627920001,2248395.4207399986,3098971.817940002,2661942.58576,0.935406346674883,0.3615590425920523,1.5683705777924661,0.6446680308003216,1.962527808910819,1.581168504228847,2.8799315022609573,3.6026180437764843,5.546269382310509,6.707943775537961
2026-10-09T00:02:43.866977+00:00,obs-20261008-7d-01,LIGHT,HBARUSDT,1.0,0.09035,0.09036,0.09035499999999999,1.106806862201104,8398908637,0.09035,0.09036,280,17,396241.7093900001,662821.0231000003,246153.77165999997,477321.43831,1062.9381199999998,1265.2183200000002,158472.24492000003,128254.98559999999,255944.5323800001,241913.70607000001,400298.6797400001,399356.53574000014,731404.1697800003,763512.6082200003,3.1307352653420217,3.457806078419612,6.304921723423451,8.751859572454501,9.795831639587416,13.018870998618981,23.57252663163667,27.759917946579282,73.30604153382158,75.41457582768807
2026-10-09T00:03:43.867558+00:00,obs-20261008-7d-01,LIGHT,TWTUSDT,1.0,0.5016,0.5021,0.50185,9.968102073363294,2530146693,0.5016,0.5021,63,1,8675.169899999999,7502.802100000001,9072.1543,7032.9044,5.019,0.0,8262.115,3578.6939,13237.590699999997,12554.804900000001,29853.687799999996,20366.0707,65337.11930000001,48850.85449999999,22.03367738368378,31.205316729473466,82.77314324399487,107.34081251463135,173.95928040649932,274.3876142636381,1557.200020889904,1428.2039516123968,,2534.9997771867784
2026-10-09T00:03:43.867558+00:00,obs-20261008-7d-01,LIGHT,PEPEUSDT,1.0,3.82e-06,3.83e-06,3.825e-06,26.17801047120505,8829714710,3.82e-06,3.83e-06,259,32,245676.08054345992,244164.19239580998,406272.3288549601,62109.56729628999,39528.50476106,3979.6228962499995,109262.34048787999,83053.16989548,299085.0033056,211239.98627051996,545271.9933793901,487381.43967797,833975.0601386601,1043742.5510106101,13.071895424836555,13.054830287205776,13.071895424836555,13.054830287205776,13.071895424836555,17.4623058875778,27.774603500909656,34.433706243429675,47.04161029925547,56.02977351249927
2026-10-09T00:03:43.867558+00:00,obs-20261008-7d-01,LIGHT,BNBUSDT,1.0,734.94,734.95,734.945,0.136065529159346,20923358020,734.94,734.95,477,530,8162114.365990003,5567283.2813599985,8128960.033080005,5586686.804379999,87318.55974999997,74186.98679000001,947337.0221100001,470947.79343,1703327.74494,1220013.2070499999,3419008.38698,2613073.707019996,4691666.234019994,3698323.334289994,0.06803230173657582,0.762202511872534,0.4978939225797063,2.2316860247251213,1.4799251990060824,3.7253970013295667,4.419994096270807,7.059539842170226,6.8635834386843175,12.997273290871192
2026-10-09T00:03:43.867558+00:00,obs-20261008-7d-01,LIGHT,TRXUSDT,1.0,0.3327,0.3328,0.33275,3.0057108506165164,6282074720,0.3327,0.3328,134,102,124384.95756000001,702731.5884299999,43311.19811999998,560057.4195799999,14133.595049999998,15631.1168,1031668.94949,959965.96015,1560826.4782699998,1464509.3643200004,1903711.5977999996,1566274.8741500005,1980509.8389999997,1790771.5284500008,1.5026296018039176,1.5024038461530775,1.5026296018028074,1.5024038461541878,1.6032498054074917,1.627426179784397,4.1504264090153065,4.424154076577702,6.972501216225835,7.52468947719187
2026-10-09T00:03:43.867558+00:00,obs-20261008-7d-01,LIGHT,AAVEUSDT,1.0,166.16,166.17,166.165,0.6018295618681613,10446254989,166.16,166.17,340,58,818752.4967100002,423343.2917200001,804761.0219699998,446802.7482900002,2762.1273199999996,3284.1560600000003,119242.92329000004,69380.24731,285065.65216000006,131768.47865,371938.54499000014,186872.5806,400823.8557099999,202333.99843999997,3.979803155897965,4.103493746391296,8.663276775674467,6.874275639860983,12.737285110276941,15.96426909833748,22.135186579496093,94.14523352981874,100.1289990961396,418.7702992050624
2026-10-09T00:03:43.867558+00:00,obs-20261008-7d-01,LIGHT,AVAXUSDT,1.0,10.038,10.039,10.038499999999999,0.9962143853359251,10530297343,10.038,10.039,390,70,1670747.23192,819884.1154000004,1682630.1916799997,819276.7052400004,17084.020539999998,8415.30113,204392.9383,152016.49970000001,439565.2279099999,302942.86722,559564.8565099997,425570.26358000026,576001.5540300003,446998.04263000016,1.1041271484768522,3.09817261475831,2.359810976737542,6.277930113556263,5.723010804998818,9.58571972549005,14.933566918046148,20.5281063510121,29.458485121962585,67.49583444191076
2026-10-09T00:03:43.867558+00:00,obs-20261008-7d-01,LIGHT,FILUSDT,1.0,1.0718,1.0719,1.07185,0.9330098899051897,9902715448,1.0718,1.0719,407,62,556848.3645149998,348658.1896590002,576826.2547479997,351846.09871500003,10420.662311,11033.639916,75579.83060599999,69387.09733699998,191118.803722,144142.84338999997,285762.58339200006,187169.010779,338251.9212830001,277254.0518520002,4.701795749219029,6.639907412565593,10.3746410148442,12.168703814772197,16.92280464703377,19.379266780664707,34.79543211546754,60.18306791795158,189.4968724951418,268.90114629661844
2026-10-09T00:03:43.867558+00:00,obs-20261008-7d-01,LIGHT,ALGOUSDT,1.0,0.1171,0.1172,0.11715,8.53970964987294,5668576614,0.1171,0.1172,221,25,219053.69680000003,169253.8778,219176.0372,155361.17880000005,1715.0894999999996,5651.9937,39500.0595,24679.7769,80188.0968,57070.2942,136426.4901,97934.01399999998,178075.95590000003,113332.60089999999,10.912497311139635,11.91893618925799,20.311687059324512,25.87205145408,32.1046916816059,48.374530760135755,244.87776220230018,757.1976189742912,1272.7806296892918,1459.2418476381185
2026-10-09T00:03:43.867558+00:00,obs-20261008-7d-01,LIGHT,XRPUSDT,1.0,1.382,1.3821,1.38205,0.7235890014478663,26690905117,1.382,1.3821,443,83,4785880.77169,3245311.195230001,4711044.3108699955,3322472.36331,58534.78894,20977.311589999998,1265985.0888899998,856764.7738900001,1600286.6119900008,999641.8554400001,2886203.5416700006,2157456.1008399986,3174648.762770002,2573357.1516699996,0.3617814116718687,0.3617683235657143,0.3617814116718687,1.112001907546123,0.6106292350127607,1.9588359016664558,1.282189481698337,4.142835352900498,3.118825868435593,8.156809079671312
2026-10-09T00:03:43.867558+00:00,obs-20261008-7d-01,LIGHT,HBARUSDT,1.0,0.09016,0.09017,0.090165,1.1091393078976886,8398913506,0.09017,0.09018,360,56,752167.6845799995,1710542.9713199993,722562.7810899994,1694223.8427199998,5729.060530000002,7885.4712100000015,143255.07881999997,115627.29409000001,269770.88154000003,237163.19388000004,442969.13823999994,406260.95877,762006.1897699999,777143.44182,1.796800108133656,3.2200530279347106,5.448821513558411,8.20244117807456,9.127605126214577,13.337726156247287,22.30400196417626,29.351969501260065,57.059293781110966,74.06052480221636
2026-10-09T00:04:43.911730+00:00,obs-20261008-7d-01,LIGHT,TWTUSDT,1.0,0.5027,0.5032,0.50295,9.94629003381542,2530147053,0.5027,0.5032,79,2,23508.840799999994,16836.050900000002,12866.9125,19178.311400000002,0.0,52.248400000000004,3404.5776,4441.790400000001,11414.7789,13472.449600000004,29220.975899999998,28488.379200000007,54200.7543,48889.647700000016,33.090026473806546,25.31841650485367,86.27361153792923,97.09047383553605,179.55388274580207,270.23815702272856,1522.4281128911389,1430.7389115670433,,2534.544402451334
2026-10-09T00:04:43.911730+00:00,obs-20261008-7d-01,LIGHT,PEPEUSDT,1.0,3.83e-06,3.84e-06,3.835e-06,26.109660574411553,8829715371,3.83e-06,3.84e-06,199,17,224829.16208675998,190741.17531303,131982.88792101003,262516.25200141995,4.41753349,17229.28325759,116582.85644214999,82991.69868287999,282962.51070163,199963.40672452998,531983.03302995,513547.36883721,828949.7698791801,1021160.8630188699,13.037809647979959,13.020833333332593,13.037809647978849,13.020833333333703,13.037809647978849,17.43282166877469,26.93767370193667,35.51468940262703,50.12324698885351,55.792534334354606
2026-10-09T00:04:43.911730+00:00,obs-20261008-7d-01,LIGHT,BNBUSDT,1.0,735.93,735.94,735.935,0.13588248882534515,20923368877,735.93,735.94,485,232,10360288.445650002,7505569.441869999,10269264.254389994,7468616.302060005,11491.556559999999,85123.81021000004,954309.08816,519657.6905299996,1630780.7176599996,1295471.3873099994,3315584.213250001,2762828.4755999967,4764105.735039995,3909048.4125199933,0.0679407828141354,0.06794032122336979,0.5318228734585428,1.2980683636032442,1.4122324485155158,2.4579850673145387,4.442634823580427,4.926044079652803,6.81419782053494,10.067865579095336
2026-10-09T00:04:43.911730+00:00,obs-20261008-7d-01,LIGHT,TRXUSDT,1.0,0.3327,0.3328,0.33275,3.0057108506165164,6282075122,0.3327,0.3328,118,21,79958.66835000002,223888.69683,78784.62813000006,167575.44843,9005.390520000003,354.46527999999995,1031502.86319,991542.0540700001,1562000.51849,1510820.5410900007,1904885.6380199997,1622588.122550001,1981683.8585799998,1847084.7768500012,1.5026296018039176,1.5024038461530775,1.5026296018028074,1.5024038461541878,1.828113805407705,1.5024038461541878,3.900220809014421,3.1388485456451676,6.615839816228597,6.454665932154047
2026-10-09T00:04:43.911730+00:00,obs-20261008-7d-01,LIGHT,AAVEUSDT,1.0,166.56,166.57,166.565,0.6003842459167963,10446259509,166.56,166.57,382,72,983333.4537500002,507821.0329200001,956070.4378300001,525924.36665,11597.853949999999,6193.667490000002,108931.39084,102399.09040999999,299747.38732000004,145430.95010000002,364867.0655800002,174886.34248,409020.76269999985,189495.18766999996,4.550461569055031,3.1770316237600404,9.365924249813418,7.301261665986214,13.366751036981706,12.155162442717415,22.255911315473,101.45760243147728,96.88340563171694,428.4704765691416
2026-10-09T00:04:43.911730+00:00,obs-20261008-7d-01,LIGHT,AVAXUSDT,1.0,10.054,10.055,10.0545,0.9946290033813199,10530301549,10.054,10.055,373,49,1818159.67353,622174.7419299998,1755918.7018799998,683037.5989399997,3379.9791799999994,3947.9643,190959.37059000004,178341.31961,438665.97319,279889.32589999994,620211.74008,364898.9611900002,627752.3552300003,389833.55374000024,1.8777783952461657,1.8986567624534878,5.347194102739428,4.306761198649145,7.803600268736499,7.720228106196103,16.845031040207957,19.46624926097984,31.424167485174515,98.32150802697836
2026-10-09T00:04:43.911730+00:00,obs-20261008-7d-01,LIGHT,FILUSDT,1.0,1.0721,1.0723,1.0722,1.8654976214893537,9902719384,1.0721,1.0723,432,22,382940.7916200002,312523.39853200014,381708.9396180002,325030.45625299984,64.16623600000001,621.8611500000001,78588.41828400001,65744.386188,184284.27476900004,142939.286223,286481.40259300015,174843.60798200005,339703.3961040003,265168.5858380001,7.49353598507474,8.267742592509286,13.04934473650321,13.793854334016586,18.779757738407454,20.816019587931443,36.75549272918688,65.3622180668556,190.6684029478045,292.48863807258994
2026-10-09T00:04:43.911730+00:00,obs-20261008-7d-01,LIGHT,ALGOUSDT,1.0,0.1173,0.1174,0.11735000000000001,8.525149190110604,5668578092,0.1173,0.1174,211,7,153413.91050000003,121803.77890000012,140314.62210000004,121650.59620000001,1322.7192,1449.8227,28356.0163,35616.3546,83136.6442,71972.90770000001,134716.5388,104879.45910000002,170838.03559999997,113336.63340000002,11.789975244995698,5.099856468084862,24.995785734981403,19.642642436331627,36.81709305496494,38.86002305743097,214.6660965044711,745.8216248728611,1213.0419690933136,1448.2036849962433
2026-10-09T00:04:43.911730+00:00,obs-20261008-7d-01,LIGHT,XRPUSDT,1.0,1.383,1.3831,1.38305,0.7230657989887312,26690911641,1.383,1.3831,446,74,4873325.864309998,3363388.2832400016,4727877.628649998,3342685.95836,60578.240560000006,17167.927380000005,1076707.0516900003,907082.6760600001,1623142.1968900012,1275917.6229900008,3025961.984980003,2198037.798769999,3314190.3909100033,2611492.4181600004,0.36151982936050153,0.36150676017698835,0.9021674880849151,1.1358573610686928,1.1700681468107543,2.2750335710419733,1.9625932642619581,4.885266432346214,3.5464066166124297,7.854082704455978
2026-10-09T00:04:43.911730+00:00,obs-20261008-7d-01,LIGHT,HBARUSDT,1.0,0.09028,0.09029,0.090285,1.1076650420904777,8398919490,0.09028,0.09029,376,65,2294216.13914,1109917.2067500001,2276544.84872,1134341.10396,10191.42002,11893.56417,125957.32247999997,118461.13625000001,265341.64339,229709.74122000003,448612.1385699999,389377.01016,779550.3315799998,754791.3755199999,3.8750803466791606,3.9590385715082554,7.491290843661957,8.922967740544463,11.604060739436317,14.153552909483835,25.85690572374233,28.731967216273357,60.17306604889194,71.93970004122806
2026-10-09T00:05:43.920520+00:00,obs-20261008-7d-01,LIGHT,TWTUSDT,1.0,0.5031,0.5036,0.50335,9.938382031406956,2530147200,0.5031,0.5036,57,0,10834.3936,20975.2177,9365.6791,21223.484600000007,0.0,0.0,3792.151,5090.056199999999,13277.883099999997,14858.8501,29593.872199999994,29560.665000000008,54917.3063,48892.09920000001,27.99733905830881,23.116494782177142,84.08621164200048,100.26473148911363,178.86013454654014,268.012032928181,1501.6787107853347,1426.1080755535227,,2529.691830000225
2026-10-09T00:05:43.920520+00:00,obs-20261008-7d-01,LIGHT,PEPEUSDT,1.0,3.83e-06,3.84e-06,3.835e-06,26.109660574411553,8829716091,3.83e-06,3.84e-06,222,17,67869.80204788,210150.5989735,43821.774264470005,218489.76309609995,73.02322428,4889.52450816,120898.23022798999,27167.54923392,311998.69996394997,139361.57078892,556031.06081336,505208.20471461007,839983.6186233602,1034337.5031957701,13.037809647979959,13.020833333332593,13.037809647978849,24.866402690466582,13.037809647978849,31.91372082575361,26.486981922737574,47.56256459770181,46.21837891665259,66.37839906384445
2026-10-09T00:05:43.920520+00:00,obs-20261008-7d-01,LIGHT,BNBUSDT,1.0,736.67,736.68,736.675,0.13574599210031124,20923380592,736.67,736.68,492,224,9952527.212279994,6684750.040380005,9995557.724250002,6788013.937609998,19708.733489999995,82163.38208,792748.07033,755803.76258,1478232.0880399996,1329326.3524799985,3174848.9738200014,2683621.3752899976,4461130.847479996,3924656.595179994,0.06787253537865467,0.29741465075172613,0.3581580306799559,1.4039032759749492,1.2297640920388986,2.145646644206023,4.632678312916916,4.704266305254334,9.690048875320434,9.422168035837508
2026-10-09T00:05:43.920520+00:00,obs-20261008-7d-01,LIGHT,TRXUSDT,1.0,0.3327,0.3328,0.33275,3.0057108506165164,6282075487,0.3327,0.3328,94,24,213511.73466000002,23093.366720000013,216424.00133000003,52108.60989,3035.3551799999996,8963.635199999999,991458.2328899999,957643.7565900001,1559087.3826799998,1481805.2979200003,1901973.3713499997,1593572.8793800005,1978771.5919099997,1818069.5336800008,1.5026296018039176,1.5024038461530775,1.5026296018028074,1.5024038461541878,1.7970508054088175,1.5024038461541878,3.6427264090155287,3.742637709910346,6.294422012622647,7.098323080884095
2026-10-09T00:05:43.920520+00:00,obs-20261008-7d-01,LIGHT,AAVEUSDT,1.0,166.8,166.81,166.805,0.5995203836928198,10446263309,166.8,166.81,362,61,766489.2523800001,383878.58997000015,753744.0773400001,385615.5798700001,5807.17598,3421.1019300000007,87224.56206999999,102639.22747999997,256297.19681000005,148470.28746999998,363349.0904999999,177554.66098,399110.0751899996,195332.55817999988,5.528870162466726,2.678641880503596,8.71082787944566,7.080414017729408,13.99431850834243,11.632620934457494,26.169145007275407,98.31841547315534,108.27236774431981,421.4739576401871
2026-10-09T00:05:43.920520+00:00,obs-20261008-7d-01,LIGHT,AVAXUSDT,1.0,10.067,10.068,10.067499999999999,0.9933445912380101,10530307048,10.067,10.068,416,60,1991469.0085399996,889053.6625600001,1960566.4480900012,912685.0693099999,2387.04517,2439.85436,205610.34996999995,195027.91887999998,433231.8798499999,262145.83234,637902.78515,341922.82335999986,658497.98298,366490.80411,1.7323481425368659,1.8881892601796402,3.1954751705998152,4.147029674410607,6.2880054556768705,7.2040623732883,14.936681967026022,17.392051853770685,29.569710363446244,106.28526863770138
2026-10-09T00:05:43.920520+00:00,obs-20261008-7d-01,LIGHT,FILUSDT,1.0,1.0729,1.0731,1.073,1.8641066268987316,9902722545,1.0729,1.0731,380,27,276807.76331500005,299587.25185299985,276983.18599100003,301323.44296799996,288.97395400000005,1814.18714,83090.306747,78316.39399600001,179932.17622999992,147439.53182700003,282370.2382520001,185883.5528370001,335190.2979620002,267372.0186860002,6.289550042871683,6.657922531655425,11.793386134949513,11.808878424450775,17.726456273067235,17.83979197528818,37.345069656627985,61.45426050306657,194.2542078617149,290.0940531976737
2026-10-09T00:05:43.920520+00:00,obs-20261008-7d-01,LIGHT,ALGOUSDT,1.0,0.1177,0.1178,0.11775,8.49617672047609,5668579206,0.1177,0.1178,212,12,134999.11559999996,119606.2261,115238.99260000003,132661.27940000003,138.0621,5441.2607,21934.4527,39187.9243,55975.36230000001,71315.3339,124418.3854,99324.26469999999,162297.89690000005,109923.11959999999,11.808722505307623,9.15878625954325,27.31298951167527,19.105522269264874,44.8382265180447,39.89603476070691,248.13898777069298,754.7553587714307,1261.8860713630575,1447.8717724468704
2026-10-09T00:05:43.920520+00:00,obs-20261008-7d-01,LIGHT,XRPUSDT,1.0,1.3845,1.3846,1.38455,0.7222824124242244,26690920284,1.3845,1.3846,475,104,7724768.1358600035,4819852.035360004,7708986.150649998,4970134.7033899985,44033.35387000002,35899.13405,1145291.67626,733641.5497400002,1710541.4557300003,1051785.9328200002,3030532.683520002,2118976.419780001,3327557.4830500023,2481017.880440002,0.36112816438449435,0.3611151235027865,0.5616864931567989,1.4451337888099491,0.8225354931545859,2.4203063633665423,1.6212607506960186,3.727486115456813,2.9374335233234294,6.27594392785924
2026-10-09T00:05:43.920520+00:00,obs-20261008-7d-01,LIGHT,HBARUSDT,1.0,0.09042,0.09044,0.09043000000000001,2.211900022119906,8398924865,0.09042,0.09044,377,43,1455477.9759500006,792871.0613099998,1439680.636220001,816900.4264799999,4159.43961,6400.48526,148703.91647999999,137142.27018000002,285044.19821999996,215664.40492000003,456369.9595899999,377310.90798,793879.1587399999,731601.35672,2.9507985602117426,2.353439848568062,6.77638740838149,7.4751899330682825,10.96820010472288,11.587869280215157,24.738849217827983,27.962390367234356,57.61061349539243,74.48063122882043
2026-10-09T00:06:43.973768+00:00,obs-20261008-7d-01,LIGHT,TWTUSDT,1.0,0.5026,0.5032,0.5029,11.937922801430467,2530147298,0.5026,0.5032,30,3,8081.6248,2820.2136999999993,9040.5682,2481.2936999999993,189.66049999999998,0.0,4013.7130999999995,3616.0754,14239.088199999998,12892.4935,30226.6708,28475.4003,54762.25550000001,49315.41360000001,23.767270272421204,30.41330544554466,79.31574379399508,107.4362952833452,174.5336659733554,273.17525818727705,1513.615534289916,1428.8692923273227,,2532.6524147888895
2026-10-09T00:06:43.973768+00:00,obs-20261008-7d-01,LIGHT,PEPEUSDT,1.0,3.83e-06,3.84e-06,3.835e-06,26.109660574411553,8829717487,3.83e-06,3.84e-06,277,62,443959.80804396013,602054.17822965,429281.3696708502,391340.9876933301,3473.17798874,14261.642333249996,131658.29081166998,83415.11093375999,325645.40688705,216477.12338636,570688.40494187,525394.85226533,854014.8156923999,1019317.78376205,13.037809647979959,13.020833333332593,13.037809647978849,13.020833333333703,13.037809647978849,17.322987660243207,25.36321580433709,33.76615709392961,44.42439760245276,53.488539345420975
2026-10-09T00:06:43.973768+00:00,obs-20261008-7d-01,LIGHT,BNBUSDT,1.0,735.84,735.85,735.845,0.13589910850209108,20923392762,735.84,735.85,490,245,8296452.371569998,7146797.432789998,8367674.6626,7142591.711999999,72495.96794999998,25654.275039999993,829906.1329399993,480511.76985000004,1489667.8008899987,1216779.3853499999,3305324.4659200013,2663876.749799999,4616934.920749997,3912160.834639997,0.06794909253926562,0.5686088911982523,0.7224733134969519,1.7215519217927966,1.8825522360477187,3.254463024584542,5.221246507803867,7.581647066893238,9.454475737984414,12.685567911925322
2026-10-09T00:06:43.973768+00:00,obs-20261008-7d-01,LIGHT,TRXUSDT,1.0,0.3327,0.3328,0.33275,3.0057108506165164,6282076471,0.3327,0.3328,156,19,222485.81425999984,365995.21590999997,161534.53371999983,357191.7756,16930.07163,164.90239999999997,975918.51565,947388.48409,1620038.66322,1490608.7382299998,1962924.6518899999,1602376.31969,2039722.87245,1826872.9739900003,1.5026296018039176,1.5024038461530775,1.5026296018028074,1.5024038461541878,2.083148805408497,1.5024038461541878,3.9437636090156047,3.928535642042652,6.605083216228991,7.278482239646555
2026-10-09T00:06:43.973768+00:00,obs-20261008-7d-01,LIGHT,AAVEUSDT,1.0,166.59,166.6,166.595,0.6002761270185175,10446265816,166.59,166.6,316,33,793120.0741599998,324890.8586400001,905689.83941,308341.3168999999,1004.84189,619.0529700000001,110046.72198999999,96306.07627000003,186187.08344999998,148239.47024,263169.51534000004,190166.63978000006,291777.1557699998,204363.64745999998,4.3372101653715855,2.609639524181473,9.375603497224771,7.026837186189239,13.51461682907562,12.571584369045485,35.54068245969822,83.53979976458481,206.06087119395156,400.0159520043678
2026-10-09T00:06:43.973768+00:00,obs-20261008-7d-01,LIGHT,AVAXUSDT,1.0,10.065,10.066,10.0655,0.9935419771500698,10530311601,10.065,10.066,400,44,1564906.0236699998,707779.7587900002,1617373.7449300005,693908.2780200002,10591.87112,835.102,207707.75502,164742.87573,420613.98235,266134.2811,585436.9540700001,355766.2400899999,606796.8767000001,380251.43637000007,1.1833189349763629,2.503953500846423,2.6099200515627974,5.21078095662153,5.82770916815023,8.417227480653766,15.0256389645409,19.14075502842616,29.646420240740934,101.99949480688475
2026-10-09T00:06:43.973768+00:00,obs-20261008-7d-01,LIGHT,FILUSDT,1.0,1.0733,1.0734,1.07335,0.9317059536018135,9902726306,1.0733,1.0734,402,43,481664.755652,344478.53993800026,459880.59683600033,353989.9911079998,2114.441651,3513.357217,101099.326867,80322.92590999998,206795.19627799996,142313.171277,312869.4379420001,176456.12728400005,354875.3792130003,266984.44471500017,5.318046138678145,5.287421511775969,10.511381656918006,10.371580663135482,16.175945823330153,16.868654205609566,33.13479923904183,60.84956596179691,168.9137569427035,288.5412154981093
2026-10-09T00:06:43.973768+00:00,obs-20261008-7d-01,LIGHT,ALGOUSDT,1.0,0.1175,0.1176,0.11754999999999999,8.510638297871687,5668580994,0.1175,0.1176,218,11,194201.2498,135924.16420000006,196765.7952999999,129325.42450000002,871.7459999999999,5284.6353,35947.1119,26313.6386,79117.5022,66124.86739999999,132428.54170000003,95953.82609999998,163546.02850000004,114427.88529999995,11.165127435133204,12.704725891340418,21.554182305399962,25.299711008475168,34.77468888557933,44.934853725822066,239.6701194062034,736.3703207157191,1259.2912286312207,1435.0120317849958
2026-10-09T00:06:43.973768+00:00,obs-20261008-7d-01,LIGHT,XRPUSDT,1.0,1.3846,1.3847,1.3846500000000002,0.7222302470033526,26690926987,1.3846,1.3847,447,111,4793142.385310001,3917541.0280499966,4678750.945730003,3796117.0405400014,58406.89414000001,16716.80542,1201988.34695,860685.9610999998,1858287.22381,1168774.5103900002,3144826.5221400005,2230613.7119300007,3439648.819000001,2604056.865040001,0.36110208355921714,0.39917300801328714,0.3940682506786697,1.46576208209237,0.7386872506787157,2.6154782952036992,1.3528749849123223,4.507293960462899,2.8356637876214563,6.866536276602941
2026-10-09T00:06:43.973768+00:00,obs-20261008-7d-01,LIGHT,HBARUSDT,1.0,0.09035,0.09036,0.09035499999999999,1.106806862201104,8398928216,0.09035,0.09036,311,28,680298.9432499995,737550.8758299999,721362.6930499999,729705.0029900002,984.7828600000001,4954.245510000001,145330.26582000003,120342.67252,275397.83538000006,213211.94582999995,421821.27948000014,373439.4611899999,755832.1380500001,738643.7911599999,3.914956494384114,3.6721855834542794,10.102247796025532,8.768027428555092,13.197805639586502,12.699773344488907,26.17931824615671,30.4614232564171,65.14139538861596,77.5200606599924
2026-10-09T00:07:43.992855+00:00,obs-20261008-7d-01,LIGHT,TWTUSDT,1.0,0.5027,0.5032,0.50295,9.94629003381542,2530147586,0.5027,0.5032,42,1,14471.415799999999,8015.9340999999995,15227.832299999995,7678.5278,0.0,112.5824,3338.6219,4293.980100000001,12666.630900000002,13616.655900000002,29206.258100000003,28791.462800000005,54238.590500000006,49196.0215,29.4020496271985,28.087137019801034,84.64517153792706,105.705886060663,178.99286274580373,272.60669488545665,1524.2604208911391,1429.1606714681682,,2532.838855412334
2026-10-09T00:07:43.992855+00:00,obs-20261008-7d-01,LIGHT,PEPEUSDT,1.0,3.83e-06,3.84e-06,3.835e-06,26.109660574411553,8829717853,3.83e-06,3.84e-06,182,14,352661.04160265,227087.25074001003,357639.2919981299,209700.80878174005,131.52742795,1308.1326911999997,126503.34216281999,86630.12684927999,316987.64490558,228707.79191708,565710.1545463899,542781.2942236001,850190.43838352,1036234.2967671601,13.037809647979959,13.020833333332593,13.037809647978849,13.020833333333703,13.037809647978849,16.48900592079339,25.901591642335518,32.17007563385832,45.40972062005322,52.08211330888446
2026-10-09T00:07:43.992855+00:00,obs-20261008-7d-01,LIGHT,BNBUSDT,1.0,735.84,735.85,735.845,0.13589910850209108,20923400829,735.84,735.85,461,167,4465664.18474,3250073.8327100016,4448359.20283,3221621.3826499996,3967.06197,25126.092810000006,853325.0100399997,522481.9606500001,1504865.9767099996,1245552.7223300005,3322629.4478300014,2692329.19986,4631527.125259996,3938682.264659999,0.06794909253926562,0.06794863083525726,0.47869657317956005,0.9760697900706994,0.9878725344558692,2.3596256049818187,3.5665680420815526,5.68006730260473,7.504825206550159,11.104048561214608
2026-10-09T00:07:43.992855+00:00,obs-20261008-7d-01,LIGHT,TRXUSDT,1.0,0.3327,0.3328,0.33275,3.0057108506165164,6282077241,0.3327,0.3328,140,21,96761.02181000011,391878.94076,104642.9759800001,389885.8130600001,6361.822860000001,1306.4729599999998,979407.11093,949381.61179,1612156.70905,1492601.8659299999,1955042.6977199998,1604369.44739,2031840.95095,1828866.1016900004,1.5026296018039176,1.5024038461530775,1.5026296018028074,1.5024038461541878,1.9919888054076296,1.5024038461541878,3.8683748090151404,3.914805957356826,6.5237982162280606,7.247708257355212
2026-10-09T00:07:43.992855+00:00,obs-20261008-7d-01,LIGHT,AAVEUSDT,1.0,166.6,166.61,166.60500000000002,0.6002400960403165,10446269351,166.6,166.61,362,39,714002.8537699999,532295.8508600001,610235.0666000001,537844.1624,951.4303200000002,1422.63897,83170.28291000002,94050.68266,274167.71187999996,142973.53586999996,366597.23681999976,184040.09964,398378.1529399995,198752.5765999999,6.862054355813996,1.9439996945880278,10.272515177516262,6.706488930378063,17.559327724795402,12.137933135948353,30.171968557356486,90.0021827701425,110.86046089060054,410.1320383585538
2026-10-09T00:07:43.992855+00:00,obs-20261008-7d-01,LIGHT,AVAXUSDT,1.0,10.061,10.062,10.061499999999999,0.993936984394761,10530316632,10.061,10.062,384,64,1757894.2682100006,700109.2278699992,1765997.3045300003,686786.4917100002,10019.54944,3786.3369499999994,185856.38809000002,167019.47865,435690.41386000015,282572.40012,590085.3102900003,367986.01181999996,598931.3311200005,392542.0288900001,1.3941513869664135,2.9767628054866435,2.896189343537525,5.3592510070499255,5.916996300102673,8.681389760744063,15.140537135055476,19.137362669346956,30.225437274454812,94.82349017465697
2026-10-09T00:07:43.992855+00:00,obs-20261008-7d-01,LIGHT,FILUSDT,1.0,1.0728,1.0729,1.0728499999999999,0.9321401938855445,9902730655,1.0728,1.0729,448,42,509259.27195600007,369315.31592400017,522914.32034199993,342863.30468400026,14711.930902999999,2881.321372,94517.16129500001,82279.661553,200940.60086999997,146461.306971,299457.15273000015,202701.3947210001,339392.14766900026,293433.6067230003,4.557631134032292,5.848764107284632,8.594043802104823,11.441843891262238,14.307698270176195,17.308595097511592,33.08611251081728,52.31044602602486,186.09218765178846,240.07053051121053
2026-10-09T00:07:43.992855+00:00,obs-20261008-7d-01,LIGHT,ALGOUSDT,1.0,0.1177,0.1178,0.11775,8.49617672047609,5668582519,0.1177,0.1178,186,7,165617.8266,95939.27910000003,141284.89689999993,100702.29719999994,651.1512,1750.1762,22457.438799999996,44245.981,72918.44679999999,70452.2998,144654.5616,97591.7796,182459.332,108388.10729999999,11.10975350318566,9.596728371500385,26.540680509553603,17.871310838273313,39.1144475159233,39.545276005867876,173.40568970700355,763.6359359285772,1130.545170301488,1455.6193838611064
2026-10-09T00:07:43.992855+00:00,obs-20261008-7d-01,LIGHT,XRPUSDT,1.0,1.3851,1.3852,1.3851499999999999,0.7219695328863907,26690933411,1.3851,1.3852,426,68,4575320.59007,3270776.9809699995,4575581.313339998,3532668.9257399994,32548.338349999998,18085.760800000004,1214282.4956400003,732734.5579499998,1817574.8694800003,1340580.1652299997,3141136.6476000007,1982562.2003799996,3433102.5100700012,2345231.8281299993,0.36097173591209675,0.36095870632468774,0.36097173591209675,1.5908521745211512,0.5703422077374398,2.2836207329290925,1.3192445513920958,3.813516296312658,2.591609038694598,7.060582822000505
2026-10-09T00:07:43.992855+00:00,obs-20261008-7d-01,LIGHT,HBARUSDT,1.0,0.09036,0.09037,0.090365,1.1066843736173837,8398931403,0.09036,0.09037,285,22,456957.07485999976,501225.50792000024,435438.1819800001,495464.0193999997,1946.2388999999998,2950.68098,127327.54491999999,125882.92474999998,267174.2859399999,220228.07617,443340.17236,389209.7076899999,777191.31573,744405.2796799999,4.367017267195017,2.6532028846359967,8.74354210413264,7.70520233565386,12.599179941071847,11.528583436211104,26.23444136781061,27.674480520130107,60.07262298556748,73.93986894858374
2026-10-09T00:08:43.994150+00:00,obs-20261008-7d-01,LIGHT,TWTUSDT,1.0,0.5029,0.5034,0.50315,9.942334460129043,2530147733,0.5029,0.5034,37,0,9078.4556,5584.8579,8716.672199999999,6044.537499999999,0.0,0.0,3694.8343,4971.9269,12569.384500000002,14404.7909,28573.8561,29210.623200000005,53670.692,48983.61810000001,31.797195985291403,26.40178430692974,85.13670785054272,103.68645465201998,180.69193370963131,271.0435903418207,1523.0885782915593,1428.425987786479,,2531.8418200761116
2026-10-09T00:08:43.994150+00:00,obs-20261008-7d-01,LIGHT,PEPEUSDT,1.0,3.83e-06,3.84e-06,3.835e-06,26.109660574411553,8829718112,3.83e-06,3.84e-06,149,14,138412.99668025007,41325.8353364,214477.6799890001,73948.73850328999,425.60831721,1378.1499648,130053.52686306999,82601.3802432,290248.47616271,203515.43794995,489645.47123764,510158.39105671004,772964.7584541901,1004037.72985103,13.037809647979959,13.020833333332593,13.037809647978849,13.020833333333703,13.037809647978849,17.534071074629676,25.530815172337682,35.18853712945469,49.59551845461041,54.74846541404399
2026-10-09T00:08:43.994150+00:00,obs-20261008-7d-01,LIGHT,BNBUSDT,1.0,736.32,736.33,736.325,0.1358105171656021,20923408454,736.32,736.33,425,183,6513013.722879999,3704052.925819998,6619258.478719999,4155155.38338,13598.01638,46955.04417,978040.2552400003,457347.48334999994,1563891.0717199997,1110951.4717399995,3030831.443370002,2246219.5143900006,3949541.199019994,3286378.014279998,0.3377027722129,0.06790433637049453,1.185940341901226,0.7455821806889862,1.866192050958837,2.4352865960608483,4.4064613398142605,6.345046685397593,7.0429774720548455,12.717075735054761
2026-10-09T00:08:43.994150+00:00,obs-20261008-7d-01,LIGHT,TRXUSDT,1.0,0.3327,0.3328,0.33275,3.0057108506165164,6282078151,0.3327,0.3328,152,63,161347.14480000013,512949.09227,162275.98989,526623.4988799999,2949.4520399999997,21876.408320000013,950938.0328500001,936578.74872,1631933.65236,1478927.4593200001,1954113.8526299999,1590695.0407800004,2030912.1762100002,1815191.6950800007,1.5026296018039176,1.5024038461530775,1.5026296018028074,1.5024038461541878,1.5026296018028074,1.855563338090116,3.451370809015586,4.516873215316686,6.302865816226744,7.682662639556526
2026-10-09T00:08:43.994150+00:00,obs-20261008-7d-01,LIGHT,AAVEUSDT,1.0,166.64,166.65,166.64499999999998,0.6000960153640378,10446271687,166.64,166.65,297,22,521502.84175,275163.72675,559618.6514100004,313455.95219999994,373.56951999999995,1250.31222,216550.29404,74771.05024,256440.97240000006,113031.9668,325415.87559999985,145783.89039000007,357800.95411999954,161924.80235999997,3.477845076058639,5.912626493196349,9.133331309308934,9.38216366045408,14.858417349873365,17.731522680821676,20.8170209656644,148.1322418982012,138.47756270066736,479.9184288118585
2026-10-09T00:08:43.994150+00:00,obs-20261008-7d-01,LIGHT,AVAXUSDT,1.0,10.063,10.064,10.063500000000001,0.9937394415171497,10530319923,10.063,10.064,304,44,1197265.4635600008,392735.8963700001,1295290.56588,432759.00068,3303.6279000000004,2573.8633399999994,153003.69732000004,191801.76969,324113.04726,255756.43811000002,490529.5474200001,329032.42909000005,500704.20943999995,353538.8582600002,2.071705170172411,0.6131437108769511,3.3180853743730587,3.6237988108422936,7.389225055047799,7.317533514439312,20.256400488680715,18.196976587120382,41.45686492908362,115.17243165111601
2026-10-09T00:08:43.994150+00:00,obs-20261008-7d-01,LIGHT,FILUSDT,1.0,1.0727,1.0728,1.07275,0.9322270905198771,9902733450,1.0727,1.0728,304,50,303125.43864799984,197433.2091770001,383655.2346459998,219874.09603599992,719.263835,3497.4544120000005,73422.89593,65894.994683,144113.34450999997,123854.18578299998,219059.77936000007,189358.2662560001,267966.45952000003,270952.74795000016,6.629973581681048,5.851901828738404,12.780063063810854,14.610157566788962,20.32071862717366,21.724551776561853,49.65002192434898,64.64863097685347,292.6478982642855,285.89494042236873
2026-10-09T00:08:43.994150+00:00,obs-20261008-7d-01,LIGHT,ALGOUSDT,1.0,0.1177,0.1178,0.11775,8.49617672047609,5668582950,0.1177,0.1178,129,0,32876.8847,28025.521299999997,86341.0547,43436.5606,0.0,0.0,19641.038,33462.9619,49077.302,55123.4054,91190.3916,82180.7403,128995.04590000001,92976.96750000001,9.718753503183963,9.239683206107019,29.1139385137984,22.491035841082365,54.02721152865997,70.60768846774201,391.7832438556201,860.1972944285741,1509.4198144713444,1544.5979988961
2026-10-09T00:08:43.994150+00:00,obs-20261008-7d-01,LIGHT,XRPUSDT,1.0,1.3853,1.3854,1.3853499999999999,0.7218652999352315,26690938894,1.3853,1.3854,407,69,3973314.61605,3769615.4121300033,4137939.144809998,3522135.6564000025,31645.525599999997,9265.037520000002,1158835.9097100003,887539.6198500003,1572421.2915899998,1172895.0717200004,2976065.9043900003,2231322.118760001,3297527.18244,2593904.5023500007,0.360919623199063,0.3609065973730896,0.8791928695994766,0.6742278669780166,1.1706131159994193,1.2118302010899473,2.0503618087963638,3.7165202471334258,4.001206579996586,6.7150957021022695
2026-10-09T00:08:43.994150+00:00,obs-20261008-7d-01,LIGHT,HBARUSDT,1.0,0.09037,0.09038,0.09037500000000001,1.1065619121386483,8398933874,0.09037,0.09038,215,25,389561.8835200002,313078.52442999993,452114.5182800001,340195.31571000005,2963.0284399999996,2704.94896,114473.79652999999,117644.66794999997,222119.90173999997,202734.68816,380776.35384999996,362100.4918199999,714640.86171,717288.4883999999,4.68380449516026,2.861818140343919,9.470398644538802,7.7322697115378425,13.578226485478906,12.562629760654032,30.377581873307633,33.72707508720985,78.73311714522768,81.0335839442744
2026-10-09T00:09:44.020618+00:00,obs-20261008-7d-01,LIGHT,TWTUSDT,1.0,0.5025,0.503,0.50275,9.950248756220859,2530147860,0.5025,0.503,40,0,6185.9616,4799.935699999999,6237.731900000001,4348.317999999999,0.0,0.0,3871.249,3756.2195000000006,14126.642800000003,12885.2813,30359.130800000006,20122.258700000002,54344.9748,49262.124299999996,25.251152958726266,31.883662128713297,79.94272327200625,109.60541859672767,174.50790660368364,276.0317520636324,1520.1044045827905,1431.8470006422556,,2535.2496209038886
2026-10-09T00:09:44.020618+00:00,obs-20261008-7d-01,LIGHT,PEPEUSDT,1.0,3.83e-06,3.84e-06,3.835e-06,26.109660574411553,8829718225,3.83e-06,3.84e-06,80,15,5133.65328304,4082.2221761,4686.090629949999,6587.4815875099985,0.0,3031.5527654400003,130630.97993095,80098.75914623999,292233.65100687,201012.81685299,490093.03389072994,507653.1316453,773411.32110441,1001532.4704396201,13.037809647979959,13.020833333332593,13.037809647978849,13.020833333333703,13.037809647978849,18.183256133263992,25.470506757936384,35.706539715100185,49.39566851141164,55.1359634722981
2026-10-09T00:09:44.020618+00:00,obs-20261008-7d-01,LIGHT,BNBUSDT,1.0,736.35,736.36,736.355,0.13580498404275332,20923414139,736.35,736.36,367,114,3643588.964359999,1953625.2941000012,3770350.933010001,1925973.8199599998,5446.434750000001,14430.565550000001,824547.5630200002,533374.7290700004,1506636.84194,1160723.5464499998,2903513.2628700016,2273961.7205500007,3813462.829379995,3311499.5134199974,0.0679020309490852,0.1609565661542245,0.4832885261440989,1.4845820631048667,1.2405459498343596,2.5618711905983638,4.440692973521898,6.05512392341967,7.926988949384928,11.858704128225872
2026-10-09T00:09:44.020618+00:00,obs-20261008-7d-01,LIGHT,TRXUSDT,1.0,0.3327,0.3328,0.33275,3.0057108506165164,6282078564,0.3327,0.3328,115,16,5266.497089999981,644903.2340700001,10906.507320000012,646985.3726100001,2660.83479,816.3916800000001,945298.02262,934496.6101800001,1626293.6421299998,1476845.3207800002,1948473.8423999997,1588612.9022400004,2025272.16598,1813109.5565400007,1.5026296018039176,1.5024038461530775,1.5026296018028074,1.5024038461541878,1.5026296018028074,1.8800842843202936,3.5413404090145484,4.551547963664859,6.393173416228137,7.724843994900699
2026-10-09T00:09:44.020618+00:00,obs-20261008-7d-01,LIGHT,AAVEUSDT,1.0,166.52,166.53,166.525,0.6005284650489884,10446273529,166.52,166.53,238,23,501943.6815700001,337792.0921500002,588298.40526,329880.56996000005,1060.3690199999999,319.07124999999996,130406.70425999998,67699.07144999999,180024.04472999997,112326.31149999997,247513.83052000005,152576.81846999997,275878.98425,168003.77526999993,2.687367386277062,5.04422651223968,8.600119100733439,9.665726917380546,15.419415270080394,19.44207157871802,37.694888743967645,141.68924750618817,218.61768407314574,473.2349720099338
2026-10-09T00:09:44.020618+00:00,obs-20261008-7d-01,LIGHT,AVAXUSDT,1.0,10.06,10.061,10.060500000000001,0.9940357852866732,10530323048,10.06,10.061,301,36,1254269.377050001,416031.2495499998,1238970.30434,378296.7611399999,9233.32772,14346.379190000001,157423.79482,158428.17295999997,327322.63687,261244.3321,507423.32348,365689.87603999994,516025.6189699999,397494.96189000004,1.3785595735804623,2.0920260946022395,2.6426218678998747,4.438608121657417,6.839944544608789,8.09982769342632,18.546116904271102,20.273861847910357,36.98350668268957,96.72821633261219
2026-10-09T00:09:44.020618+00:00,obs-20261008-7d-01,LIGHT,FILUSDT,1.0,1.0703,1.0704,1.07035,0.9343174810805266,9902737114,1.0703,1.0704,359,51,380413.1852280001,273431.8735600001,437794.0923729999,218952.0255820001,1594.6334940000002,2666.22296,74264.716627,57641.310121999995,151075.20480200002,128396.35602299996,184682.97519100003,219262.64773099998,234356.40253900003,309045.6347859999,5.693863767457508,6.861249474287012,11.184409359729086,13.18885815576154,18.22884209464859,22.082087697289367,68.0038887665757,53.01241047623972,366.03853043863154,204.03145465949234
2026-10-09T00:09:44.020618+00:00,obs-20261008-7d-01,LIGHT,ALGOUSDT,1.0,0.1178,0.1179,0.11785000000000001,8.48896434634927,5668584298,0.1178,0.1179,171,11,101899.00560000002,86154.50160000002,80721.6511,90091.22540000002,1300.7907,2764.5616999999997,29948.132899999997,17260.5026,64628.4457,48696.0738,105049.84890000001,76594.21489999999,138594.36200000002,92492.6575,7.928144123888758,15.58105414902422,21.077652371660484,30.394477561180857,42.106068867203696,80.42231696399726,334.40356802884594,863.1750860371401,1421.7644720627998,1545.1721461652824
2026-10-09T00:09:44.020618+00:00,obs-20261008-7d-01,LIGHT,XRPUSDT,1.0,1.3852,1.3853,1.38525,0.721917412647155,26690942501,1.3852,1.3853,377,46,2029589.279660001,1697506.3236399984,1921240.6210400003,1864676.6557299998,21345.335509999994,20614.849679999992,1263154.6067899999,735815.04506,1686756.3411099997,886626.8915299999,3085171.8136899997,2065147.6647499998,3396913.7938400004,2454267.1051999996,0.36094567767763763,0.3609326499653953,0.4564630330283759,1.5637466444118342,0.7696500330256484,2.3415667581894173,1.3964873437299907,4.00020654703348,2.6131007204843737,6.758851794448351
2026-10-09T00:09:44.020618+00:00,obs-20261008-7d-01,LIGHT,HBARUSDT,1.0,0.09033,0.09034,0.090335,1.1070519207367902,8398935323,0.09033,0.09034,183,12,139227.17954999997,245176.76597,159215.91698,235610.27391000005,346.81320999999997,1120.42137,102566.26980999997,115930.68672,211581.5072199999,209191.45658,361755.11011999997,361650.65048999997,694652.6337099998,726840.97214,5.081819198538007,3.9336735557038427,9.050426428183211,7.881778614706736,13.671393887475514,12.828654728240796,32.17625887578901,33.06773111963479,81.84886996347007,81.4027609298007
2026-10-09T00:10:44.056342+00:00,obs-20261008-7d-01,LIGHT,TWTUSDT,1.0,0.5027,0.5032,0.50295,9.94629003381542,2530147933,0.5027,0.5032,34,0,3396.5107000000003,2868.772,2906.2287,3017.6167,0.0,0.0,4215.8994999999995,4033.522200000001,13543.587200000002,13356.1173,30083.214400000004,28530.9242,54912.509900000005,49182.7591,26.905849627201217,29.214641366336338,80.25915469132117,106.5320031946304,175.08178378268346,273.10358205181905,1511.3696568911384,1429.4697661202815,,2533.0329773473336
2026-10-09T00:10:44.056342+00:00,obs-20261008-7d-01,LIGHT,PEPEUSDT,1.0,3.83e-06,3.84e-06,3.835e-06,26.109660574411553,8829719480,3.83e-06,3.84e-06,267,84,346829.0816522099,498748.01639681996,410795.25511371996,408994.31754851,8604.264702229999,7708.17022699,120239.15740508,34115.735796479996,200963.22536756,155137.61877848,426106.86042882,393481.2798700901,686343.3389932,916476.5306399101,13.037809647979959,13.020833333332593,13.037809647978849,21.26165492701615,13.037809647978849,30.111346944029506,31.621037553495324,45.21316086184779,62.815511806610935,73.59911850826406
2026-10-09T00:10:44.056342+00:00,obs-20261008-7d-01,LIGHT,BNBUSDT,1.0,736.61,736.62,736.615,0.13575704918444842,20923418492,736.61,736.62,402,86,3411021.5634600003,2255730.411400001,3389176.433309999,1851467.7593499997,10404.501949999998,24777.63716,733610.2891300004,773644.2753100003,1460072.1549899997,1347930.704049999,2908722.459810002,2679563.2935799975,3898855.556409996,3936822.8459999943,0.06787806384633832,0.06787760310711377,0.9050917238451195,0.4223030907124503,1.6519082561539111,1.926038445390077,4.497724636147726,4.494217693618019,9.298770374595033,9.162226207565238
2026-10-09T00:10:44.056342+00:00,obs-20261008-7d-01,LIGHT,TRXUSDT,1.0,0.3327,0.3328,0.33275,3.0057108506165164,6282079321,0.3327,0.3328,123,139,180756.65316,504724.91612999997,193861.48138999997,510079.3423100001,3536.0354100000004,23704.844800000086,946341.51129,924086.4861399999,1610530.99168,1471490.8945999998,1935369.0141699999,1583258.47606,2012110.9457900003,1807755.1303600003,1.5026296018039176,1.5024038461530775,1.5026296018028074,1.5024038461541878,1.5026296018028074,2.4396030594775464,3.5117004090134962,5.007817161861716,6.363262216227961,8.051618076529987
2026-10-09T00:10:44.056342+00:00,obs-20261008-7d-01,LIGHT,AAVEUSDT,1.0,166.77,166.78,166.775,0.5996282304976397,10446275666,166.77,166.78,316,22,450915.7948099999,323385.37943,364706.1987599999,303478.88739000005,403.73156,1436.5862599999998,60282.802079999994,95617.40120000002,181501.15899999996,147811.25273,315413.11851999984,180336.06763000006,375548.9342599998,198115.08388999995,3.3795871533515154,4.293129079765423,9.538746980061186,6.5709361788668375,19.971311833456575,10.599185400720357,39.44573056694267,95.02665293231516,139.20598856821843,417.2396280607704
2026-10-09T00:10:44.056342+00:00,obs-20261008-7d-01,LIGHT,AVAXUSDT,1.0,10.063,10.064,10.063500000000001,0.9937394415171497,10530324730,10.063,10.064,257,25,605171.3426000002,350895.47983,543531.07578,371031.40479,1662.5754299999999,9083.93717,159786.80424000003,154469.95454999997,328440.15704,259904.99019999994,567468.88695,346630.99253999995,609682.2888800001,371137.42497000005,0.4968450340347985,3.2081407523820715,2.372237510509523,6.789284524271189,6.792044055051738,9.991791888550594,18.899649084472834,20.473617688036015,37.027628998775874,107.51005778590338
2026-10-09T00:10:44.056342+00:00,obs-20261008-7d-01,LIGHT,FILUSDT,1.0,1.0695,1.0696,1.06955,0.9350163627885877,9902740213,1.0695,1.0696,347,31,369971.5721379998,287042.946013,357950.8469439997,256115.78972300008,1652.6738619999999,1971.6492860000005,92460.102522,57681.15977600001,142125.93830899996,132556.80119799997,223353.87806899994,237662.52166999996,271715.9838939999,339912.4323789997,4.501301586274931,7.575526873564442,9.575190106773102,14.615516119682592,15.372642947777404,22.883772082558096,51.811453912773416,48.66681234356629,297.433875330716,165.22986257791695
2026-10-09T00:10:44.056342+00:00,obs-20261008-7d-01,LIGHT,ALGOUSDT,1.0,0.1178,0.1179,0.11785000000000001,8.48896434634927,5668585198,0.1178,0.1179,162,5,138029.786,90346.6105,122809.34809999997,69525.68019999999,1049.4115,1032.5682000000002,21904.1943,35135.216499999995,56964.562099999996,65940.8433,119147.6328,97415.14519999998,187483.70649999997,112807.39729999998,10.300144123888133,12.17984156779317,25.333352371660347,21.360289957732537,46.41635886720286,42.05887264681074,164.39988480780988,736.2703102528556,1102.7106485939796,1429.9877242887414
2026-10-09T00:10:44.056342+00:00,obs-20261008-7d-01,LIGHT,XRPUSDT,1.0,1.3859,1.386,1.3859499999999998,0.7215527815862544,26690946343,1.3859,1.386,410,49,2332298.09145,1884298.3761099996,2227051.781210001,1750700.5878099995,15703.859429999999,60530.08880999999,1142911.36976,866429.71072,1689949.6621699997,1260556.4654899999,3186002.2893999997,2201902.250440001,3520429.9839900006,2590604.998570001,0.3607633753022199,0.3607503607505613,0.6008748765107264,0.6903383521139617,1.2023458765086925,1.414606390391926,2.2055671777188035,2.4082194512098365,3.6733916813436185,4.583812819340949
2026-10-09T00:10:44.056342+00:00,obs-20261008-7d-01,LIGHT,HBARUSDT,1.0,0.09036,0.09037,0.090365,1.1066843736173837,8398936600,0.09036,0.09037,199,22,230294.18142000007,154729.4264,161742.33659999995,141629.32925999997,492.48039,4176.11311,112781.82364000002,122026.18907000001,220219.44777,219322.28354000006,429350.64499,384759.50561,778898.1790499998,739955.0776000001,4.2398872671944865,3.4436092777345717,8.851457243620464,7.952967026193525,12.658286080560188,12.316368179535742,29.61611584168855,29.014359570975756,64.20255078557035,75.49425946225652
2026-10-09T00:11:44.067078+00:00,obs-20261008-7d-01,LIGHT,TWTUSDT,1.0,0.5026,0.503,0.5028,7.958615200953645,2530148000,0.5026,0.503,17,0,3783.1504,2564.0600000000004,4419.4493999999995,2428.7018,0.0,0.0,4021.4033000000004,3846.3242000000005,14057.784800000003,13078.467200000001,30290.272800000006,20600.830400000003,54276.1168,49063.7401,25.962122673029995,30.603267643564138,81.03398728719458,108.93765949834378,175.70613444710227,276.48731477090905,1521.9130061670617,1433.1997336135228,,2536.202745482666
2026-10-09T00:11:44.067078+00:00,obs-20261008-7d-01,LIGHT,PEPEUSDT,1.0,3.84e-06,3.85e-06,3.845e-06,26.041666666669627,8829720478,3.84e-06,3.85e-06,219,24,269439.2020525299,397558.2636389498,185471.1657572401,230563.0416404301,13458.969911039998,16353.20454129,89146.74599423999,84160.63577075001,194199.50359645998,203909.91721949002,368475.01867271,520736.76000204997,713667.79453209,983124.29739718,13.003901170349774,12.987012987015767,13.003901170350884,12.987012987015767,15.796405075053643,17.085146050838105,35.47569972935594,34.8954411382274,68.46866264695994,58.8270146945935
2026-10-09T00:11:44.067078+00:00,obs-20261008-7d-01,LIGHT,BNBUSDT,1.0,736.99,737.0,736.995,0.13568705138355952,20923423613,736.99,737.0,404,95,4576849.636780005,2575616.700319999,4453433.539490005,2582665.585279997,3131.29625,33080.90119,792850.2370300004,608101.63922,1592725.6694300002,1344109.75702,3026515.3756700004,2799262.964359999,4012506.0819399953,3932637.087879997,0.06784306542106933,0.5792387639391716,0.27018798131495103,2.0234249079698063,1.0155226822616825,3.039935584935316,3.510310422472074,5.2054583494620665,6.848759942161831,9.04362142685855
2026-10-09T00:11:44.067078+00:00,obs-20261008-7d-01,LIGHT,TRXUSDT,1.0,0.3328,0.3329,0.33285,3.0048076923083755,6282079903,0.3328,0.3329,134,52,339727.09315999993,716487.9671100001,289658.16041,788005.7559299999,3718.5612100000008,65079.859030000014,854834.58887,1010878.47985,1640599.2736,1425819.6345399998,1984992.9242199997,1519945.05629,2072293.75917,1736417.8197400002,1.5021781583290927,1.5019525382997667,1.5021781583290927,2.862278579280897,1.5021781583290927,3.683391541894343,2.7739488749878305,5.598301568477959,5.836663824967392,7.747522082358627
2026-10-09T00:11:44.067078+00:00,obs-20261008-7d-01,LIGHT,AAVEUSDT,1.0,166.81,166.82,166.815,0.5994844433776514,10446277660,166.81,166.82,291,25,521640.30807999976,279633.51288999995,510883.30075,282366.2101000001,2191.3146899999997,4024.3287600000003,138611.44324,100034.45145000001,186927.58720999997,147194.26732,315454.39333999995,177653.74328000005,377514.0122799997,195660.44275999992,5.405947410305201,2.7918633399248716,10.32803395737969,6.576042341895905,17.298974705752812,11.601975499733186,35.119128166281044,98.06296253759395,132.4633294854205,420.65823805252256
2026-10-09T00:11:44.067078+00:00,obs-20261008-7d-01,LIGHT,AVAXUSDT,1.0,10.061,10.062,10.061499999999999,0.993936984394761,10530327278,10.061,10.062,325,40,872221.8655400003,538390.2557099999,890930.8786000003,549611.9962800001,2770.5502599999995,6248.29687,158142.21497,147092.39782,337329.84121,255746.80213000003,550290.5344400001,334339.73039000004,567610.8553500004,359915.68764000013,1.3243613869673432,1.9239672970705612,2.5055053435363295,5.334629807149938,6.569762074042362,8.681262727823214,18.418854674254746,20.565329109137885,36.821775587591034,114.2486022832645
2026-10-09T00:11:44.067078+00:00,obs-20261008-7d-01,LIGHT,FILUSDT,1.0,1.069,1.0691,1.0690499999999998,0.9354536950412218,9902742222,1.069,1.0691,307,25,200079.168158,259172.1938890001,205332.52996599994,243582.8249440001,2340.356003,673.3493589999999,81643.360278,59995.35623399999,141042.24501599997,138517.548097,218469.762273,252319.81964799995,268533.9891919999,343053.26072499977,3.9502636887411846,7.446644211297482,8.969348922818199,14.11014555950274,16.10966569097205,21.80174525237777,52.169290070124276,47.05418591933186,299.56769230456314,158.44887800473438
2026-10-09T00:11:44.067078+00:00,obs-20261008-7d-01,LIGHT,ALGOUSDT,1.0,0.1178,0.1179,0.11785000000000001,8.48896434634927,5668585917,0.1178,0.1179,141,2,64974.85250000003,57230.2946,86593.45739999998,51856.821299999996,722.5852,5.0697,17784.8727,36451.867399999996,52102.249599999996,69302.1105,97707.19269999999,102788.6185,182634.17149999994,113651.27059999999,14.755906873146207,9.808260127117663,28.946615120918338,20.098758781724733,51.38090436572096,39.515621575628714,182.88724280186906,730.0372069171445,1135.1365485939803,1425.071972454366
2026-10-09T00:11:44.067078+00:00,obs-20261008-7d-01,LIGHT,XRPUSDT,1.0,1.386,1.3861,1.38605,0.7215007215033431,26690949666,1.386,1.3861,354,86,2055372.2093700008,1489813.3591200004,1985985.3600900006,1581480.9526900009,44333.20279999999,14694.138810000002,1201447.6874900002,757250.5462799998,1800306.00972,1483938.3550699996,3255353.7385,2112004.02175,3589141.624080001,2499535.46615,0.3607373471381514,0.3607243344649902,0.3607373471381514,1.5503139506656272,0.6617310414125388,2.1995550087650084,1.4948930299629737,3.6622554821919007,2.5947268070614093,6.558879035634124
2026-10-09T00:11:44.067078+00:00,obs-20261008-7d-01,LIGHT,HBARUSDT,1.0,0.0904,0.09041,0.090405,1.1061946902657382,8398938085,0.0904,0.09041,168,21,135861.75398999997,89146.77022000002,127785.02753999997,99034.45431999999,2020.61457,3390.7175099999995,113390.10406999999,124441.08656999998,219028.83498,221020.96018999998,431296.21650999994,375672.12142,786879.7113199998,730835.7883,5.272594837675282,3.484016592041339,10.955369899563472,7.15749285847056,15.213740451136548,10.640623471782629,31.740731732781136,27.98527001928619,65.3672969983421,74.53803022923422
2026-10-09T00:12:44.092902+00:00,obs-20261008-7d-01,LIGHT,TWTUSDT,1.0,0.5025,0.5029,0.5026999999999999,7.960199004977131,2530148060,0.5025,0.5029,30,0,2632.3452999999995,2008.292,3368.1053,1200.1242000000002,0.0,0.0,3066.3021999999996,4686.9691,13429.5678,14398.572699999999,30437.432600000004,21020.531199999994,53540.5524,49953.171899999994,25.774986114979193,29.002738118814044,82.21231655460626,107.04557896007549,177.35911946091477,270.73735414000157,1534.7404699415124,1424.5021030349292,,2529.8275534964455
2026-10-09T00:12:44.092902+00:00,obs-20261008-7d-01,LIGHT,PEPEUSDT,1.0,3.84e-06,3.85e-06,3.845e-06,26.041666666669627,8829720768,3.84e-06,3.85e-06,168,14,245724.03919106003,134976.01962062996,78541.34143007,24320.10304878,1119.1449369599998,9357.556716200002,131291.00817023998,82714.8049266,308203.14802496997,233054.76548706,535657.7164336999,631392.6765739,899232.3216050599,1091101.61376406,13.003901170349774,12.987012987015767,13.003901170350884,12.987012987015767,13.003901170350884,17.45922717564352,25.335556826654447,32.044392339037884,46.30978748405789,51.590412154959296
2026-10-09T00:12:44.092902+00:00,obs-20261008-7d-01,LIGHT,BNBUSDT,1.0,737.33,737.34,737.335,0.13562448293091833,20923429372,737.33,737.34,411,132,5223367.19179,2410145.0390399997,4844439.8937,2462962.15844,25176.470329999993,51843.91660000001,957646.9806300001,623467.8845100004,1695906.74231,1298324.8445200003,3214231.9953499986,2901545.2993600005,4622747.0953999935,3886466.130639997,0.06781178161885393,0.4702417067403708,0.6351781037117199,2.130106186457592,1.450545425806249,3.0879424967278357,3.9883029273235504,5.674884587817397,6.931858378926847,10.634414351141652
2026-10-09T00:12:44.092902+00:00,obs-20261008-7d-01,LIGHT,TRXUSDT,1.0,0.3329,0.333,0.33294999999999997,3.003905076601754,6282080205,0.3329,0.333,114,21,208797.59066,106170.45302999998,209267.13197999995,195164.67976999993,4285.749279999999,5552.167459999999,782242.07449,1058403.552,1619330.09313,1340272.9923599998,1982942.5553799996,1435775.66937,2071176.28845,1647746.62052,1.5017269860340132,1.5015015015018562,1.5017269860340132,1.6180260081066766,1.9819569581014385,3.060589107326539,4.436847330170357,3.9261269668577903,7.851988874303384,6.356391806661144
2026-10-09T00:12:44.092902+00:00,obs-20261008-7d-01,LIGHT,AAVEUSDT,1.0,166.68,166.69,166.685,0.5999520038391104,10446279892,166.68,166.69,243,26,598455.8550700004,366631.5816900002,660703.8964,361352.04156000016,497.74920000000003,747.83721,112871.93539,91083.58431999998,180051.84255000006,141706.9049299999,268725.61932,180779.26950999993,301467.25663999986,200069.3572499998,4.272419097997027,4.188995604089696,8.280101127036144,7.096226347881318,12.455234235924095,12.22164564249395,33.87875848524513,95.43474311774713,196.37981810462168,417.1590556880167
2026-10-09T00:12:44.092902+00:00,obs-20261008-7d-01,LIGHT,AVAXUSDT,1.0,10.061,10.062,10.061499999999999,0.993936984394761,10530329941,10.061,10.062,286,26,904594.7451900003,516699.3317199997,925000.20995,508719.52156,498.09776999999997,1829.2798199999997,191528.19702000002,197353.01431,373998.58293,269679.06882000004,554243.28983,342319.54055000015,571543.9604000003,367884.5592900002,0.9577013869677131,1.8162576892899462,2.4492849348523027,4.4194749340609185,7.183557482730585,7.685757131561388,16.60703868293867,17.773251032935367,34.63027658759499,107.4465571341765
2026-10-09T00:12:44.092902+00:00,obs-20261008-7d-01,LIGHT,FILUSDT,1.0,1.0693,1.0694,1.06935,0.9351912466093459,9902745218,1.0693,1.0694,325,33,487817.8549039999,329143.5528809999,456995.47499299987,334671.5056299999,13468.388401,2050.5713189999997,101795.34642400002,93613.89168400002,191845.52114300002,148384.00644499998,248966.931664,256216.23628099993,295750.7502439998,341202.05360499973,4.185342357367894,5.465102292441237,9.384197591618681,11.287349352312459,15.09102724778777,16.451932544470083,35.44200378852835,41.53944532106158,253.15305431220403,160.75420264439975
2026-10-09T00:12:44.092902+00:00,obs-20261008-7d-01,LIGHT,ALGOUSDT,1.0,0.1176,0.1177,0.11765,8.503401360544505,5668587053,0.1176,0.1177,175,8,78546.102,93668.09339999998,81217.73869999997,86972.10499999997,1688.0128,1293.8761,23356.2296,33467.7534,52606.65579999999,68919.6348,122394.5575,97289.0978,178709.1,117606.9566,11.616981257968062,10.645308828524103,27.296971279219264,21.268752828110806,47.90354880578107,41.25868128679544,189.08413426264258,711.6760498071461,1161.0001292554218,1412.7376914562417
2026-10-09T00:12:44.092902+00:00,obs-20261008-7d-01,LIGHT,XRPUSDT,1.0,1.387,1.3871,1.38705,0.7209805335262054,26690953579,1.387,1.3871,355,54,3672431.3213499994,2359488.937139999,3683152.1736800005,2245590.7879100004,9277.93046,34090.61132000001,1369585.6096500002,916996.50956,1932554.03409,1283497.9909199998,3239863.5096200015,2506795.7000200003,3550800.2354500033,2629684.7036700007,0.36047727190680057,0.36046427799085734,0.374327815724218,1.2355616635917333,0.727879815722865,1.7734633980837078,1.1840935595375246,3.674084560690849,2.166383134802885,6.83739557549079
2026-10-09T00:12:44.092902+00:00,obs-20261008-7d-01,LIGHT,HBARUSDT,1.0,0.09042,0.09043,0.090425,1.105950011059953,8398939931,0.09042,0.09043,209,18,225932.0697100001,193682.90895,219420.9126399999,193442.38792999997,1134.24304,2683.3021499999995,100073.43195999999,141244.56286,200638.96748000005,222245.00969999997,437423.45882,376820.90417999995,793242.7993399999,731111.35292,4.419916436274596,1.9214672783529618,10.936790443463185,5.984122186498686,15.550843308822504,9.177487845236643,31.091461221230965,26.196773484092883,63.99237957611326,72.51365070527038
2026-10-09T00:13:44.092943+00:00,obs-20261008-7d-01,LIGHT,TWTUSDT,1.0,0.5024,0.5029,0.50265,9.95222929936368,2530148314,0.5024,0.5029,46,0,7522.295,12152.8171,7197.8457,13240.828999999998,0.0,0.0,4608.1187,3990.5460000000003,13423.755500000003,12973.6716,30839.538700000005,20013.7833,65069.804299999996,48948.9635,24.583922082962452,30.650117188117942,79.40169099572513,111.27205883553204,174.41542296230517,279.806091228183,1526.6156382118734,1436.8681842932385,,2539.328861686001
2026-10-09T00:13:44.092943+00:00,obs-20261008-7d-01,LIGHT,PEPEUSDT,1.0,3.84e-06,3.85e-06,3.845e-06,26.041666666669627,8829720955,3.84e-06,3.85e-06,123,15,195129.30004707,6222.21903421,176541.99363205003,5534.37543522,34.04372352,2629.288816,117290.64071423998,83607.22347285,327103.13744843996,233742.60908605,554245.02284872,632080.52017289,898002.1573558799,1091789.45736305,13.003901170349774,12.987012987015767,13.003901170350884,12.987012987015767,13.003901170350884,17.228330916285728,26.793928436653623,31.881215165355805,45.04548507145878,51.47359675549579
2026-10-09T00:13:44.092943+00:00,obs-20261008-7d-01,LIGHT,BNBUSDT,1.0,737.2,737.21,737.205,0.13564839934865347,20923431653,737.12,737.13,324,65,1194491.9895700002,942377.9169200005,1169134.1884100002,999067.2045200001,14174.577430000003,9011.16038,956070.5214800006,716529.8696600002,1619371.0553400002,1394736.01062,3244066.5656799986,2700381.2227199995,4653605.957569992,3823006.9991599964,1.3851709709633564,0.06782327966359247,1.9149633262827148,0.08551043731541697,2.6883954749035155,1.3673315569506794,5.277436175492589,4.4790344579048735,8.935943742021113,8.698184476677584
2026-10-09T00:13:44.092943+00:00,obs-20261008-7d-01,LIGHT,TRXUSDT,1.0,0.3328,0.3329,0.33285,3.0048076923083755,6282080626,0.3328,0.3329,124,23,392950.9169499998,318501.3767200001,432657.60022999987,213769.13897,17781.267760000002,679.28115,783590.01903,1045144.9841500001,1582771.0681499997,1441567.4325299999,1944816.6996199994,1535683.0673000002,2032117.5448399999,1752155.8307500004,1.5021781583290927,1.5019525382997667,3.674442474989048,1.5019525382997667,4.090488474988163,2.0890630315317793,5.627346391647858,4.325366456139346,8.651034741627983,6.657086817017932
2026-10-09T00:13:44.092943+00:00,obs-20261008-7d-01,LIGHT,AAVEUSDT,1.0,166.54,166.55,166.54500000000002,0.600456346824263,10446282079,166.52,166.53,279,26,503406.65482999984,715069.1369600001,425434.4386000003,705624.59011,413.18881,2844.1146400000002,206358.76845,88591.16325,289425.2031500001,135638.29890999998,351695.41180999996,187149.80836999993,372522.23295999976,202374.10211999988,5.001334039749228,2.372862987215507,8.178033239483185,8.300424578828736,13.595084638956534,14.429000087164967,21.946626358135823,88.37889863407611,123.5086300197974,406.1229323371718
2026-10-09T00:13:44.092943+00:00,obs-20261008-7d-01,LIGHT,AVAXUSDT,1.0,10.061,10.062,10.061499999999999,0.993936984394761,10530331249,10.06,10.061,218,12,652944.6306599999,393724.95809000003,629906.3651999998,385919.8833100002,506.96078,3206.5289299999995,200636.2799,162019.69588,429099.5260800001,270829.3466800001,577281.55529,350124.6153300002,594393.7477800003,374680.6324000003,2.0770589782825866,2.0050990745190678,3.5167313435380265,5.689683855909511,6.296162300104546,8.81712392706846,14.418783552433423,20.02882597055944,29.329681491832016,105.59908752953207
2026-10-09T00:13:44.092943+00:00,obs-20261008-7d-01,LIGHT,FILUSDT,1.0,1.0676,1.0678,1.0677,1.873360809292457,9902747943,1.0676,1.0678,343,37,454039.19357299997,328716.370007,474585.2576810001,311561.09869999986,859.197749,3237.3643500000003,103158.72205299999,73463.411252,176412.03487100004,136283.15286299997,243119.31298200006,255999.4509779999,277235.82853600016,334836.39346199966,4.727700730918771,6.8413351354768,9.340206737681322,13.347293562119278,13.376302820287123,19.976112527739787,37.47664806819429,45.216823522080674,274.9684050163048,149.67452584097595
2026-10-09T00:13:44.092943+00:00,obs-20261008-7d-01,LIGHT,ALGOUSDT,1.0,0.1176,0.1177,0.11765,8.503401360544505,5668588041,0.1176,0.1177,175,7,80815.06390000001,61383.7825,65365.10049999999,62774.20229999996,1967.5288999999998,1139.3462,24357.161500000002,30018.6326,65980.92180000001,65951.349,137844.5209,95898.67800000001,181904.09339999998,115028.72580000001,9.041481257969775,12.52221583191826,23.669703773905315,23.210406189669854,39.27737628984129,43.823134650966544,173.2371982626446,728.058321538575,1138.2670577501096,1426.3221545887427
2026-10-09T00:13:44.092943+00:00,obs-20261008-7d-01,LIGHT,XRPUSDT,1.0,1.3864,1.3865,1.38645,0.7212925562605221,26690956633,1.3863,1.3864,343,75,1471195.7370900002,1391414.4508899995,1763142.6749999998,1305551.3048399996,30224.0974,51472.37593,1176344.42785,848629.08336,1670006.5250300004,1140741.16517,2948454.039590001,2591026.577160001,3261463.833770002,2714641.1821800014,1.0530698160760021,0.36062026686045634,1.180426360130049,0.5497943338383937,1.6012289041789085,1.0512555217756514,2.8385829363319903,3.0789771080008688,5.840661832795524,5.1154567574107634
2026-10-09T00:13:44.092943+00:00,obs-20261008-7d-01,LIGHT,HBARUSDT,1.0,0.09035,0.09036,0.09035499999999999,1.106806862201104,8398942173,0.09035,0.09036,185,19,384401.61729000014,423992.26856,393534.70849000005,411146.5596600001,2924.57476,2887.3237700000004,144017.62695,124144.84066,287871.35563000006,180249.82542000007,434805.4373100001,377949.29345,768667.8339300001,743153.62342,5.51565649438257,2.818971317479768,8.210753337943855,8.679924096598457,10.283538796027614,13.092073118791125,22.44230212999576,30.245301655937862,59.188831788616895,76.02005633885356
2026-10-09T00:14:44.121176+00:00,obs-20261008-7d-01,LIGHT,TWTUSDT,1.0,0.5026,0.5031,0.50285,9.948269001192056,2530148409,0.5026,0.5031,28,0,1699.8109,5643.951899999998,1193.5387,4765.905000000001,0.0,0.0,3587.292,5295.7727,13471.7499,14683.298100000002,30115.924500000005,21280.297199999997,54200.1351,49743.2069,27.962595316693985,25.027381356436116,82.55999663120406,104.2052687789663,177.13544304763352,269.25457477909197,1523.9002867256602,1424.2417916245065,,2529.3756662160004
2026-10-09T00:14:44.121176+00:00,obs-20261008-7d-01,LIGHT,PEPEUSDT,1.0,3.84e-06,3.85e-06,3.845e-06,26.041666666669627,8829721090,3.84e-06,3.85e-06,99,17,41067.76986049,6740.780652550001,41678.670653559995,9102.757368069999,54.6076608,2445.6015507000006,114460.19184767999,84085.32465025001,326472.40810854,234165.70375805005,553634.12205565,629718.54345737,895965.75235634,1089580.7829658298,13.003901170349774,12.987012987015767,13.003901170350884,12.987012987015767,13.003901170350884,17.10463136530671,27.088766860252633,31.78817456752747,45.26113118605735,51.405408337905634
2026-10-09T00:14:44.121176+00:00,obs-20261008-7d-01,LIGHT,BNBUSDT,1.0,737.36,737.37,737.365,0.1356189649559525,20923437810,737.36,737.37,401,105,5155288.612559996,3673542.2417900017,5116740.724329994,3678288.1338899997,6844.1040600000015,3699.01115,870194.5223600003,620114.8340300004,1606743.32672,1374110.92972,3275757.1620999984,2840130.2272900003,4685164.554419993,3970940.817249997,0.07851706800621194,0.06780856286470183,0.9815236120513937,0.11328327252924097,1.7010251107563157,1.22473796664746,3.9050460068834614,4.2158054058294425,7.746081327103527,8.522340481389445
2026-10-09T00:14:44.121176+00:00,obs-20261008-7d-01,LIGHT,TRXUSDT,1.0,0.3328,0.3329,0.33285,3.0048076923083755,6282080898,0.3328,0.3329,106,14,148515.08445999993,450703.4583399999,159608.18482999998,427095.3301699999,6431.393279999999,327.07424999999995,794511.1223399999,1026538.5390600001,1591012.4007799998,1465175.5606999998,1933723.5992499995,1559291.1954700002,2021024.44447,1775763.9589200004,1.5021781583290927,1.5019525382997667,2.312342474988238,1.5019525382997667,3.4094384749883133,2.767618238287417,5.1838307916463044,4.856027882137459,8.18676362496773,7.138669826461941
2026-10-09T00:14:44.121176+00:00,obs-20261008-7d-01,LIGHT,AAVEUSDT,1.0,166.58,166.59,166.585,0.6003121623243679,10446284761,166.58,166.59,329,36,828805.7994099997,431487.7748000001,810953.9230400001,431035.1260600001,5413.571239999999,1390.17299,91573.9405,95869.87859000001,281101.07269,145487.25606999994,366825.1545099999,190570.00034999993,398337.97032999975,203147.87830999985,5.197292657501684,2.120257764641753,8.19991966641842,6.118922674962501,13.498387125553402,11.456404395430164,22.14746661707845,84.21451239172816,103.5118167230753,402.1892485080092
2026-10-09T00:14:44.121176+00:00,obs-20261008-7d-01,LIGHT,AVAXUSDT,1.0,10.064,10.065,10.064499999999999,0.9936406995225688,10530334187,10.064,10.065,311,28,901435.5742100002,688719.2510499997,891002.0471299998,642063.8211600002,7030.912630000001,1959.7943499999997,174434.58429,207675.83488,377495.7525799999,317966.55844000005,574992.28651,397883.0096500001,604801.2939600002,422345.05418000015,2.068208339708333,2.2513344036168004,3.5347276832398133,4.979250514003386,6.739304034427684,6.5893453060683616,17.2917498879821,14.32093487677144,33.33449710802405,74.84007992404895
2026-10-09T00:14:44.121176+00:00,obs-20261008-7d-01,LIGHT,FILUSDT,1.0,1.0659,1.066,1.06595,0.938174312787865,9902752125,1.0659,1.066,371,78,816225.5901219997,489056.8316859998,823238.6619850004,481683.20631099975,7416.858603000001,3264.490934,89403.460683,64794.86134199999,168953.457263,132636.86726199999,251301.921125,255682.3135909999,305588.9491460002,317392.0963369998,3.033726072048104,5.104885715744301,10.340874253942367,12.393995342745434,16.052395735834946,20.664962799238353,36.98338380939803,47.58260730456265,232.05863200445043,168.09251912811462
2026-10-09T00:14:44.121176+00:00,obs-20261008-7d-01,LIGHT,ALGOUSDT,1.0,0.1177,0.1178,0.11775,8.49617672047609,5668589261,0.1177,0.1178,157,5,184067.2353,105964.45550000001,172313.04179999995,103439.20979999998,135.0048,3485.3727,28174.7094,33357.66,94097.8358,73808.98670000001,141998.1379,104541.09090000001,179479.06709999996,116756.99540000001,10.7169535031848,11.21456743002569,23.966420509552442,21.173615071973238,33.75838851379931,38.462124936924354,174.2323217070052,713.4613488571495,1147.487377303612,1412.8874702968685
2026-10-09T00:14:44.121176+00:00,obs-20261008-7d-01,LIGHT,XRPUSDT,1.0,1.3867,1.3868,1.3867500000000001,0.7211365111414736,26690960664,1.3867,1.3868,374,54,2243103.3629699987,1869492.136950001,2109406.59339,1881023.3279500005,27726.046850000006,19119.938019999998,1251352.29458,967140.65493,1663022.7771200004,1351862.9647999997,3081885.0623500026,2581931.67549,3393979.3656400037,2705798.5815000003,1.0072662754645467,0.3605422555519322,1.6436742754655231,0.6638199621433749,2.023948785651042,1.3158806722646244,2.7774502060218254,2.5383157521963184,4.528930287507338,4.654173653229066
2026-10-09T00:14:44.121176+00:00,obs-20261008-7d-01,LIGHT,HBARUSDT,1.0,0.09033,0.09034,0.090335,1.1070519207367902,8398943393,0.09033,0.09034,177,14,136810.67018999995,205529.70521000001,142856.69458,195510.82847000007,1066.77712,2921.2972,142309.18942,128686.6714,281382.31567,185438.34807000007,429715.72287,387968.1701899999,762623.21356,753158.4918399999,4.397317906681408,2.7241109023024013,6.723412490395875,6.962479107045505,10.865648011898488,11.590054298552532,23.862435068268127,28.502867988404734,60.80149456346828,74.19692911088683
2026-10-09T00:15:44.166885+00:00,obs-20261008-7d-01,LIGHT,TWTUSDT,1.0,0.5026,0.503,0.5028,7.958615200953645,2530148504,0.5026,0.503,43,1,2002.1335,1757.7237000000002,1639.8215,2576.0177999999996,0.0,4.5279,3873.0013999999996,4439.548,13859.7149,13865.004,30825.203100000002,20462.0031,54562.447100000005,48924.9128,26.13702267303286,28.842770693067177,80.5824472871941,108.54685191290403,174.7055712569623,277.1704554181842,1516.5916781670608,1434.6169979267586,,2537.326477784001
2026-10-09T00:15:44.166885+00:00,obs-20261008-7d-01,LIGHT,PEPEUSDT,1.0,3.84e-06,3.85e-06,3.845e-06,26.041666666669627,8829721744,3.84e-06,3.85e-06,162,38,330362.39246233006,337689.3804795199,344557.0924475601,255515.47502156004,16062.334083839998,3033.7811142100004,78469.82272895999,89439.34645415001,230248.16360036997,301561.51443609,539429.42207022,605720.3745852901,803962.98159031,1075566.6634763698,13.003901170349774,12.987012987015767,13.003901170350884,12.987012987015767,18.576853842053875,15.719380451101328,32.82010226575704,29.60381435660797,52.27773483465814,48.49332467719347
2026-10-09T00:15:44.166885+00:00,obs-20261008-7d-01,LIGHT,BNBUSDT,1.0,737.62,737.63,737.625,0.1355711613015842,20923443677,737.62,737.63,391,116,5066665.977600001,2504973.1281799986,5041750.795970001,2581805.2529000007,17376.164810000002,75781.83561999998,910702.8724499999,695799.2628700003,1682681.71379,1405204.76154,3270687.2972199977,2811474.67992,4707793.179439994,4000993.129009995,1.2751580291459064,0.06778466168699815,2.2976464524693263,0.37545494666169077,3.4551173297747706,1.5196393177008272,4.83452442610055,4.621058647034104,7.083795408341365,8.566288671493227
2026-10-09T00:15:44.166885+00:00,obs-20261008-7d-01,LIGHT,TRXUSDT,1.0,0.3327,0.3328,0.33275,3.0057108506165164,6282081397,0.3327,0.3328,150,17,264241.8133,523642.77137999976,328347.4189200002,540151.93862,3103.67387,330.98353,900515.13714,889171.5715,1550922.7875299999,1422809.71071,1870063.01633,1534577.6591800002,1958666.0438300003,1759074.3134800005,1.5026296018039176,1.5024038461530775,1.5026296018028074,1.5024038461541878,1.8285588054089974,2.822545433314172,3.730973209015165,5.821370058541886,6.522580416226109,8.699449970288597
2026-10-09T00:15:44.166885+00:00,obs-20261008-7d-01,LIGHT,AAVEUSDT,1.0,166.5,166.51,166.505,0.6006006005998543,10446286979,166.5,166.51,276,49,947333.3909099995,461238.62708000024,1061319.7010600003,452539.96954,10911.767899999999,1608.8747200000003,109201.93112999998,90812.04665,186254.27105999994,145348.86477999997,257352.14307000005,193012.27098999993,284093.5425499999,209039.31276999993,2.486731542896692,2.9030316055334016,8.537878584307101,8.051306843913641,13.00400062571816,14.34870532599719,35.816326680671025,80.06577400022974,206.99467180746,394.2626655416226
2026-10-09T00:15:44.166885+00:00,obs-20261008-7d-01,LIGHT,AVAXUSDT,1.0,10.064,10.065,10.064499999999999,0.9936406995225688,10530337497,10.064,10.065,355,41,1158788.9750599994,571839.1658099999,1195998.3122499993,611790.95992,6438.021720000001,1670.63287,136724.84692,178195.44878000006,339911.38354,282207.7063100001,537782.9493199999,357936.8057400002,567603.0623200001,381378.82294000033,3.218291011475305,1.1716623807889182,6.8682596908897775,3.5612412053231957,10.237682713840623,6.924818440963154,21.652110695632445,17.298859299302862,37.178006843908705,99.02479006966614
2026-10-09T00:15:44.166885+00:00,obs-20261008-7d-01,LIGHT,FILUSDT,1.0,1.0659,1.066,1.06595,0.938174312787865,9902754637,1.0659,1.066,342,52,318501.651639,294671.50607099995,319223.4654600001,294528.70046799997,422.988178,1242.1776260000001,105605.51666600001,75080.53189,181119.07140300004,135699.47841199997,250580.10730400006,255825.11919399985,303678.9283100003,317506.5786059997,0.46906515314915076,4.180439076441056,10.051318560241329,11.462552904719647,15.436642310634463,18.447554926876997,36.96037992939827,46.04611702257233,228.00067220445476,167.14570928439642
2026-10-09T00:15:44.166885+00:00,obs-20261008-7d-01,LIGHT,ALGOUSDT,1.0,0.1178,0.1179,0.11785000000000001,8.48896434634927,5668589730,0.1178,0.1179,127,3,107312.68120000002,38700.518299999996,95179.62250000003,46946.27509999999,0.0,1318.4268,22473.360099999998,34840.7908,82699.7941,66652.3241,149296.1444,97996.9151,183778.01509999996,109112.30949999999,8.831244123889137,10.116467838979792,25.80521237166011,20.35616412510377,37.5790478701743,41.72701416526814,164.50761955706605,757.8208124500007,1122.3616145939795,1448.5556820861666
2026-10-09T00:15:44.166885+00:00,obs-20261008-7d-01,LIGHT,XRPUSDT,1.0,1.3861,1.3862,1.3861500000000002,0.7214486689277599,26690965506,1.3861,1.3862,386,83,3088843.758739999,2181464.2006900003,3293075.0705700014,2247505.7086600005,28866.78613,4194.42888,1156486.4382900002,867321.6980500001,1914841.0390800005,1064065.2108,2882226.8923900016,2515740.7401300003,3191107.383380004,2640165.018970001,0.5501339681868167,0.36069831193086266,1.0252366136420665,0.5205796344942559,1.4551102591009446,0.846732900569025,3.1321864863853577,2.3797976495221196,6.1923300500410505,4.9709607636283515
2026-10-09T00:15:44.166885+00:00,obs-20261008-7d-01,LIGHT,HBARUSDT,1.0,0.09031,0.09032,0.090315,1.1072970878078792,8398945555,0.09031,0.09032,246,23,369750.54628,654756.5111500004,360115.4454499998,653035.0558499999,1012.7465699999999,4716.89502,152120.89224000002,120633.2284,290302.40142999997,225047.12149000005,439357.70981000003,384342.47228000005,772750.49424,750055.8502399999,4.7950468222335285,3.3223635703205634,7.88633775153591,8.505501328945897,11.451505466700818,12.67204579463943,23.95018148493633,28.81822632970321,57.68874123062484,75.02817820483455
2026-10-09T00:16:44.173682+00:00,obs-20261008-7d-01,LIGHT,TWTUSDT,1.0,0.5022,0.5026,0.5024,7.964954201513663,2530148655,0.5022,0.5026,39,1,4258.285699999999,5845.235300000001,5846.4719000000005,5019.1123,0.0,6.539,4489.1096,3802.000699999999,13832.141799999998,7805.9805,30669.2151,19481.5677,65136.9144,48088.270399999994,22.204187898089423,31.583641980198472,79.16244292993535,112.18372885686279,174.34412815286794,276.9296023854595,1540.8797421401232,1430.749280468736,,2535.2041516657796
2026-10-09T00:16:44.173682+00:00,obs-20261008-7d-01,LIGHT,PEPEUSDT,1.0,3.83e-06,3.84e-06,3.835e-06,26.109660574411553,8829722292,3.83e-06,3.84e-06,147,13,68417.13681337996,279733.6592137301,137114.44070579007,189773.5795281,7307.8220966399995,839.76041088,131196.88690465,64282.459783679995,322584.83084375,216037.22469543002,584747.28702541,510957.3517518401,788864.0246266,1026727.1219134302,13.037809647979959,13.020833333332593,13.037809647978849,13.020833333333703,13.037809647978849,22.28603671060703,25.411404201937103,35.79678446536172,44.341738827653465,55.698411866529355
2026-10-09T00:16:44.173682+00:00,obs-20261008-7d-01,LIGHT,BNBUSDT,1.0,737.15,737.16,737.155,0.1356576002176091,20923452440,737.15,737.16,457,208,5617130.802830002,6099419.117520002,5545710.95757,6012675.736060004,24026.84043,6370.418220000001,1085908.30481,672971.83034,1748266.7695599992,1341126.24153,3620153.632109998,2705383.5283199996,4788998.031829992,3933228.936699996,0.06782834003571381,0.1087780110697878,0.24551638026060196,1.678196812437971,0.9233528610730346,3.012562974183952,3.4644944644079967,6.005693945616564,6.303924665885807,10.91700999495071
2026-10-09T00:16:44.173682+00:00,obs-20261008-7d-01,LIGHT,TRXUSDT,1.0,0.3327,0.3328,0.33275,3.0057108506165164,6282081521,0.3327,0.3328,91,15,25124.98961000001,7543.246709999978,40266.494630000016,7377.713269999993,2581.02006,193.25695999999996,904621.3748699998,889337.1217,1535781.2825099996,1422975.2441500002,1854921.5113099997,1534743.1926200003,1931719.88821,1759239.8469200006,1.5026296018039176,1.5024038461530775,1.5026296018028074,1.5024038461541878,1.904504805407825,2.622045816312868,3.894848809016249,5.738604314922124,6.6993344162291635,8.655855326231698
2026-10-09T00:16:44.173682+00:00,obs-20261008-7d-01,LIGHT,AAVEUSDT,1.0,166.41,166.42,166.415,0.6009254251537754,10446289319,166.41,166.42,289,35,847707.6199399999,519898.67350000003,640845.77684,519011.86122,1745.7140100000004,917.8733899999999,223803.51583,91930.83670999999,387694.61387000006,137643.79728000003,465554.88265999994,190717.37824,497797.9566999998,204802.17646999998,4.970944756481632,3.462343495884701,8.65842382789972,7.135019876701731,13.27911874996257,12.741014030467346,20.334391042154955,85.68518523392576,41.10627307824743,404.9082012720984
2026-10-09T00:16:44.173682+00:00,obs-20261008-7d-01,LIGHT,AVAXUSDT,1.0,10.062,10.063,10.0625,0.993838203142694,10530339935,10.062,10.063,312,26,745720.1683199996,416521.3292,715209.6926800003,427170.5120899999,1580.81578,193.24963999999997,177436.27671999997,159433.27864999996,399258.74818999995,267925.2819,581008.7500699998,346551.94924000016,596723.6340999999,371744.09461000026,2.153612049689002,2.4515381606415865,4.129596608695163,5.068010749751384,8.361595888197737,7.550936203472025,17.796667865840334,17.83392262647121,32.788970281989464,105.20939305650123
2026-10-09T00:16:44.173682+00:00,obs-20261008-7d-01,LIGHT,FILUSDT,1.0,1.0643,1.0644,1.0643500000000001,0.939584703560925,9902758870,1.0643,1.0644,412,177,491023.50560400006,363590.7787849996,535152.907704,345969.3211409999,19391.20539400001,8777.207461999998,78190.963521,64958.337126000006,144823.36684699997,137719.073175,223543.32296099997,245910.77792799997,264801.49780999986,317187.776803,5.724068799644044,6.007772375984377,10.665529775614191,13.430728012356896,17.578255551577993,20.340106073788444,47.352583043264175,48.720441949857694,284.20990756126474,171.2660859575865
2026-10-09T00:16:44.173682+00:00,obs-20261008-7d-01,LIGHT,ALGOUSDT,1.0,0.1178,0.1179,0.11785000000000001,8.48896434634927,5668590613,0.1178,0.1179,146,1,213093.21169999999,50405.2672,215691.14969999998,42279.76930000001,0.0,404.04330000000004,17896.4496,43931.6006,72539.37670000001,78292.7255,146698.20640000002,106823.918,181822.87630000003,116983.53640000001,15.48700687314497,4.5021138135581396,30.17691512091747,16.05213675126782,41.437920619430415,33.375525256518216,172.77647080186532,707.5977116628585,1135.5904425939777,1406.8628894056167
2026-10-09T00:16:44.173682+00:00,obs-20261008-7d-01,LIGHT,XRPUSDT,1.0,1.3856,1.3857,1.38565,0.7217090069278065,26690970873,1.3856,1.3857,411,92,4127447.4127799985,3020421.343639998,3988885.54166,3012985.98652,21285.78813,19677.509540000006,1340971.30699,867442.94722,1626639.8087800003,1203696.8411499998,3023947.354320001,2243959.9948000005,3341255.146480002,2637688.9571200004,0.3608414823375039,0.360828462149243,0.5395684470099749,1.3321167263524725,0.8110464470112433,2.972633695491611,1.4874867763559063,6.029613939050327,2.790906399725568,8.80436924601491
2026-10-09T00:16:44.173682+00:00,obs-20261008-7d-01,LIGHT,HBARUSDT,1.0,0.09024,0.09025,0.09024499999999999,1.1081560283687786,8398948195,0.09024,0.09025,241,21,678815.9057199998,771617.53243,697450.3329599998,777738.2620599999,1123.6820400000001,4881.9290200000005,132360.55182,121038.39133999999,265361.29193,234397.48906000002,430663.3155400001,376571.54907,754448.13795,742625.9193399999,3.375920472048488,3.8084094291246373,9.417112259735294,8.595532896303881,12.60418704742472,12.476327518358143,25.659770860745333,28.87929930038613,64.97880170170944,78.55118944076867
